{
"type": "FeatureCollection",
"name": "australia_100km_buffer",
"crs": { "type": "name", "properties": { "name": "urn:ogc:def:crs:OGC:1.3:CRS84" } },
"features": [
{ "type": "Feature", "properties": { }, "geometry": { "type": "Polygon", "coordinates": [ [ [ 111.924802536752111, -25.470171241119058 ], [ 111.925713302101585, -25.451077100981014 ], [ 111.939100154316591, -25.365941875833094 ], [ 111.961630520456652, -25.282336828377545 ], [ 111.993076477179727, -25.201034059455488 ], [ 111.994417350529019, -25.198041991213763 ], [ 112.042092585308367, -25.106866384679826 ], [ 112.069998383202133, -25.066155269242707 ], [ 112.070447737304335, -25.065448603195719 ], [ 112.073369979452892, -25.061034664850762 ], [ 112.075224719882996, -25.0585266942396 ], [ 112.086344109364219, -25.042292181148245 ], [ 112.089422740504858, -24.988148979391735 ], [ 112.096564518194214, -24.946258551746034 ], [ 112.096290328761029, -24.946226096874504 ], [ 112.09646011675791, -24.945087131600292 ], [ 112.097937109412612, -24.938203810859228 ], [ 112.104480676241096, -24.899787756242077 ], [ 112.107687235154629, -24.885737274909268 ], [ 112.10913268904585, -24.885999467104984 ], [ 112.11782724999992, -24.845421967729109 ], [ 112.127348535257966, -24.818204185871032 ], [ 112.129076429743449, -24.787536533449643 ], [ 112.12967673260394, -24.781740135301732 ], [ 112.133067466608722, -24.753797617038241 ], [ 112.134463631718859, -24.743766056264281 ], [ 112.141565705212727, -24.701146499174374 ], [ 112.142757238079312, -24.695013711900213 ], [ 112.158853146952026, -24.634081534323901 ], [ 112.167972126865919, -24.588077689621262 ], [ 112.168147442245342, -24.58741874151869 ], [ 112.173069862718876, -24.569718900957632 ], [ 112.174961589620196, -24.563200206885028 ], [ 112.197943868067284, -24.495200105494281 ], [ 112.216014673901356, -24.453870782061163 ], [ 112.216938057779018, -24.451252861147481 ], [ 112.21964794767301, -24.445557119297892 ], [ 112.226864335029305, -24.429040509557073 ], [ 112.229306921543596, -24.424044395133659 ], [ 112.23336905003454, -24.41670763282783 ], [ 112.254746386887675, -24.371727139708373 ], [ 112.286303436325795, -24.319848989594892 ], [ 112.296665284560518, -24.301860160227111 ], [ 112.300162968911494, -24.297046700293677 ], [ 112.300902990938923, -24.295828876529313 ], [ 112.304625887687067, -24.29090415285231 ], [ 112.351419760330373, -24.226448851595713 ], [ 112.397243575092503, -24.175348410728439 ], [ 112.407172712215967, -24.091403122081168 ], [ 112.426340285229969, -24.007243216239264 ], [ 112.431811536458198, -23.991225957873095 ], [ 112.433187532921906, -23.962331110055629 ], [ 112.433350502699085, -23.960812061124511 ], [ 112.447919255168429, -23.871927798392001 ], [ 112.472299997624745, -23.784797974548109 ], [ 112.500686018863718, -23.714106445271209 ], [ 112.521738614180521, -23.640296582071432 ], [ 112.55177432007757, -23.564153300914768 ], [ 112.589261147396755, -23.49075577112141 ], [ 112.596178384863933, -23.479902218396109 ], [ 112.616452755650997, -23.433457634540368 ], [ 112.622985811954237, -23.42028332560621 ], [ 112.659577899122326, -23.353946277984797 ], [ 112.664530771487492, -23.345822260885665 ], [ 112.693746372617412, -23.303213778793356 ], [ 112.706822097936183, -23.27571785623088 ], [ 112.707581522729527, -23.273916306660791 ], [ 112.709131422198084, -23.270764734429623 ], [ 112.709419736176514, -23.270253667629003 ], [ 112.710908422744737, -23.267121911266287 ], [ 112.711595650177941, -23.265875577494583 ], [ 112.715522313319411, -23.259434931462433 ], [ 112.756998394387267, -23.185840828504446 ], [ 112.776472260193643, -23.158812028187555 ], [ 112.776254007541169, -23.093719335862957 ], [ 112.776175307423102, -23.093607429137958 ], [ 112.732468275339301, -23.015460372909157 ], [ 112.732023807344163, -23.014557990613113 ], [ 112.694141587856834, -22.924966888792984 ], [ 112.667090342195479, -22.832185764585848 ], [ 112.666732657469453, -22.830623691688338 ], [ 112.652131125950675, -22.747292429678918 ], [ 112.646231873673273, -22.663069088303136 ], [ 112.64906858341925, -22.57870366921237 ], [ 112.6605971590797, -22.494946089907071 ], [ 112.680696785835437, -22.412539545478424 ], [ 112.681230266215039, -22.410752484569489 ], [ 112.710595309251417, -22.328273067012738 ], [ 112.721975566849636, -22.304417465323137 ], [ 112.736586126156823, -22.260250874229623 ], [ 112.737664909238475, -22.257526664776726 ], [ 112.773411759447256, -22.179036040968324 ], [ 112.776537581575468, -22.172992196068918 ], [ 112.780793813979415, -22.1648674010038 ], [ 112.782381195312851, -22.161875565404475 ], [ 112.825369506373207, -22.089467561056445 ], [ 112.853335372156963, -22.051176043063585 ], [ 112.855849829562302, -22.044881195222949 ], [ 112.856548582382345, -22.043454818525159 ], [ 112.912012278537389, -21.946461951283968 ], [ 112.91714068151262, -21.939658146453585 ], [ 112.925749553302666, -21.912291821057856 ], [ 112.926199145042276, -21.910964232551965 ], [ 112.937744373040545, -21.879775327490279 ], [ 112.941642651118258, -21.866747131501103 ], [ 112.950904475701947, -21.845821228688326 ], [ 112.961392951460255, -21.812433980769796 ], [ 112.993889526745804, -21.736555851934096 ], [ 113.012983503422021, -21.678792247440402 ], [ 113.046248782215315, -21.603396282223585 ], [ 113.08675535789034, -21.531069382264398 ], [ 113.088458650165251, -21.528337646090154 ], [ 113.106687646776606, -21.501947142808859 ], [ 113.125698422325556, -21.470702531198707 ], [ 113.127911517154303, -21.467532937909677 ], [ 113.133486253872789, -21.460240070810254 ], [ 113.176977723134769, -21.390643456151729 ], [ 113.177319725334115, -21.390155057755628 ], [ 113.23541465070133, -21.315761902900011 ], [ 113.30135781500411, -21.247200095442654 ], [ 113.365269454763009, -21.192979508402789 ], [ 113.372296781065501, -21.186578743962521 ], [ 113.439543236230179, -21.135419161908551 ], [ 113.441607805432909, -21.133986067148676 ], [ 113.488471541303497, -21.104190048515086 ], [ 113.489712887695461, -21.103202265616424 ], [ 113.502799969647555, -21.095073509430929 ], [ 113.50842545270207, -21.091493432144443 ], [ 113.509341363212243, -21.091009534532684 ], [ 113.585470338562629, -21.043667190762342 ], [ 113.587860139757211, -21.042363938826224 ], [ 113.637098482601772, -21.018308799308887 ], [ 113.654536033874749, -21.008896306033552 ], [ 113.666900904331072, -21.00373514929705 ], [ 113.668341798922299, -21.003030274527593 ], [ 113.681789637333395, -20.997182064097306 ], [ 113.681930173148174, -20.997459692099532 ], [ 113.688962734913687, -20.99452243542359 ], [ 113.756863451059871, -20.937446042639483 ], [ 113.758041233978403, -20.93655016976513 ], [ 113.82431799408478, -20.890359889687328 ], [ 113.894564420866885, -20.849565005204749 ], [ 113.896545586333801, -20.848520411267693 ], [ 113.995175570751869, -20.803149822146342 ], [ 114.098655929329027, -20.768406298666775 ], [ 114.109295301856122, -20.765453121093522 ], [ 114.199599157060462, -20.744692585964383 ], [ 114.226583085874125, -20.740988131939883 ], [ 114.236061354464397, -20.737956820897836 ], [ 114.239308774415093, -20.737230494102814 ], [ 114.278787597327849, -20.688690432848777 ], [ 114.341675597563224, -20.625047952696807 ], [ 114.383102028099373, -20.590434171825152 ], [ 114.383972159180573, -20.587074310570898 ], [ 114.387549102295992, -20.576202531087972 ], [ 114.398929751330783, -20.543806064364691 ], [ 114.409073738385999, -20.51666712204262 ], [ 114.409561881484606, -20.516825428461747 ], [ 114.43161170044489, -20.462020847963334 ], [ 114.465446387065583, -20.395147246804498 ], [ 114.468404200658426, -20.389871240683103 ], [ 114.514331418660987, -20.316542669893355 ], [ 114.521916450032478, -20.306692076429368 ], [ 114.52299755293231, -20.304783863456322 ], [ 114.524961566138202, -20.301702861130742 ], [ 114.557650166005686, -20.255024637651925 ], [ 114.558845918751786, -20.248193158675061 ], [ 114.55890795560795, -20.247923474999876 ], [ 114.559896815022384, -20.244449527451078 ], [ 114.570770733869168, -20.180885742291544 ], [ 114.595571833790004, -20.093385349234367 ], [ 114.629610932694661, -20.008638738991802 ], [ 114.672526368793029, -19.927500143603663 ], [ 114.723869720967244, -19.850786207941489 ], [ 114.783110869271056, -19.779267961281974 ], [ 114.78758883786783, -19.774385765664992 ], [ 114.856792175876393, -19.706399565755603 ], [ 114.933096710996011, -19.645521076703993 ], [ 115.015672503222632, -19.592407360287947 ], [ 115.016140627472168, -19.592138639416895 ], [ 115.098743966684623, -19.549776063400792 ], [ 115.185318466761487, -19.515195952620868 ], [ 115.275040826837028, -19.488727803891255 ], [ 115.367059835273807, -19.470623690553314 ], [ 115.460503972892738, -19.461055965892715 ], [ 115.554489142853953, -19.460115694864445 ], [ 115.648126478116041, -19.467811826125477 ], [ 115.65484724268822, -19.468677054050314 ], [ 115.725057211406536, -19.480220945775816 ], [ 115.733487922774557, -19.481911737900059 ], [ 115.824784015998702, -19.504675078559821 ], [ 115.913292327712881, -19.535749906981145 ], [ 115.998164506686607, -19.574837510708711 ], [ 116.065076907906302, -19.613720019017524 ], [ 116.075358710682877, -19.618907687847276 ], [ 116.13974451664437, -19.659329404994104 ], [ 116.167999537612516, -19.64774015220225 ], [ 116.181043028843817, -19.640885366589231 ], [ 116.25439119151865, -19.609597496738537 ], [ 116.255673708466887, -19.609110025822833 ], [ 116.333171305568243, -19.583210497070986 ], [ 116.343388667347909, -19.58069727907829 ], [ 116.390875874892131, -19.554623974508477 ], [ 116.478890813645677, -19.516874087037195 ], [ 116.570459537542575, -19.487622899981769 ], [ 116.664662768415639, -19.467165084977029 ], [ 116.7605565759944, -19.455706645439651 ], [ 116.765410316149044, -19.455358576560975 ], [ 116.864206311829108, -19.45306371652401 ], [ 116.962733610222131, -19.460321497324074 ], [ 117.059961712025128, -19.477055543347728 ], [ 117.154872791696306, -19.503089722637998 ], [ 117.24647166574897, -19.538149918553561 ], [ 117.265951814267112, -19.547910239350909 ], [ 117.274242545010239, -19.549118477061882 ], [ 117.363699660578376, -19.570596105249997 ], [ 117.450579534556198, -19.600031524478105 ], [ 117.534087488054183, -19.637154669127487 ], [ 117.540794448361979, -19.640915730382108 ], [ 117.546359929981975, -19.638213254840469 ], [ 117.608999462600096, -19.61489685238557 ], [ 117.627703942644814, -19.601228022426312 ], [ 117.70698213297706, -19.554163498786803 ], [ 117.790718838371177, -19.514571037080177 ], [ 117.791315544058719, -19.51432230288173 ], [ 117.883006407224968, -19.481250738078973 ], [ 117.977775017403758, -19.457142917269902 ], [ 118.060905534447656, -19.444365653099439 ], [ 118.092459514225737, -19.394315556819485 ], [ 118.145779709827451, -19.325428361480267 ], [ 118.205708865177826, -19.261572200291319 ], [ 118.208288232249345, -19.259297138693213 ], [ 118.232579636802768, -19.203426703681227 ], [ 118.277948180432332, -19.123125521323523 ], [ 118.331595048999944, -19.047527154115471 ], [ 118.392964309174175, -18.977396571732747 ], [ 118.461425390958453, -18.913442551419223 ], [ 118.536279669108225, -18.856310729965344 ], [ 118.616767566090402, -18.806577299934297 ], [ 118.702076106596024, -18.764743403752743 ], [ 118.702583373785046, -18.764524469173285 ], [ 118.793485751582324, -18.730488027601293 ], [ 118.887548690554183, -18.705428144037519 ], [ 118.983796575747718, -18.689605994055253 ], [ 119.081232662435482, -18.683186423616451 ], [ 119.081808353693077, -18.683176476716607 ], [ 119.177981013737167, -18.686111625693488 ], [ 119.27336264998813, -18.698208129730109 ], [ 119.366994912680596, -18.719343675183108 ], [ 119.457935859707419, -18.74930449403654 ], [ 119.54526884625281, -18.78778743515608 ], [ 119.628111245577287, -18.834402905658539 ], [ 119.705622938673187, -18.888678658081538 ], [ 119.777014508567035, -18.950064391893211 ], [ 119.84155507287204, -19.017937130873076 ], [ 119.847929747167186, -19.026178884531245 ], [ 119.889635383431425, -19.023175789178243 ], [ 119.890032405193395, -19.023165843246673 ], [ 119.980270306923089, -19.02492456830338 ], [ 119.981580913087868, -19.025067904176872 ], [ 120.018774014320613, -19.019507958673191 ], [ 120.04708460925778, -19.009211733374567 ], [ 120.058583720526627, -19.005341507333693 ], [ 120.058583810705784, -19.005341747364984 ], [ 120.06702372392887, -19.002189947828807 ], [ 120.092936246383189, -18.99465758119489 ], [ 120.095246902455258, -18.993674114185819 ], [ 120.116604711557343, -18.985286060286565 ], [ 120.138142826901813, -18.978125464069812 ], [ 120.149628447670366, -18.97338417507061 ], [ 120.166339325444028, -18.967255095124614 ], [ 120.185994849051866, -18.961077355730563 ], [ 120.194217633441426, -18.957857948425755 ], [ 120.211665803372824, -18.951251104457313 ], [ 120.295728658831806, -18.923840181111483 ], [ 120.297617668757155, -18.922951461922963 ], [ 120.309952964618887, -18.917492125008671 ], [ 120.322331262085982, -18.911741631085075 ], [ 120.334873947410884, -18.906298294697908 ], [ 120.359507046891707, -18.896525354832757 ], [ 120.371290051062871, -18.891361094236409 ], [ 120.37119416022361, -18.891166627012709 ], [ 120.375710281258392, -18.889166379200482 ], [ 120.389465398523853, -18.883392183440677 ], [ 120.396093137762222, -18.880485367550218 ], [ 120.399960040940627, -18.87894632997142 ], [ 120.400009934256389, -18.878923741072999 ], [ 120.401772124375086, -18.878224275663428 ], [ 120.411016903022613, -18.874341085479273 ], [ 120.425216231331063, -18.868699076103766 ], [ 120.425297660888674, -18.868883198596723 ], [ 120.426222735595417, -18.868515769643533 ], [ 120.431020564950018, -18.866109686007519 ], [ 120.462670336871227, -18.852416623363936 ], [ 120.518376666203508, -18.830902937404122 ], [ 120.520618734719875, -18.829560636354632 ], [ 120.520827516163692, -18.829410876270966 ], [ 120.52702631054639, -18.825488329842354 ], [ 120.546146256513012, -18.813833935708995 ], [ 120.553693671181193, -18.808865188146225 ], [ 120.556675180481662, -18.80661381490555 ], [ 120.556758379815065, -18.806712953240101 ], [ 120.567800219835036, -18.798404970925645 ], [ 120.577129734510379, -18.788765885231886 ], [ 120.589668021042613, -18.776191748219095 ], [ 120.589851466120066, -18.776356422303195 ], [ 120.593090952763177, -18.773183449575949 ], [ 120.594942016637049, -18.770717718188873 ], [ 120.601629588629208, -18.762047940526571 ], [ 120.605832719858796, -18.756546292562479 ], [ 120.616733040894971, -18.741944320488951 ], [ 120.628097212689013, -18.727219522546903 ], [ 120.638635023380161, -18.699443594653488 ], [ 120.639322967392587, -18.696620014668262 ], [ 120.673534729090562, -18.603678655504286 ], [ 120.675126965594259, -18.60000590787968 ], [ 120.67694213984079, -18.596363448416046 ], [ 120.679663080390171, -18.572079306147291 ], [ 120.697589302011863, -18.488307455356846 ], [ 120.698195497577075, -18.486030307795339 ], [ 120.726723577187769, -18.397939410803026 ], [ 120.764489520577499, -18.313051483744971 ], [ 120.811083844514002, -18.232246853464297 ], [ 120.866008542070773, -18.156362374806342 ], [ 120.928682749104127, -18.08618296072666 ], [ 120.93885614214976, -18.076894059132609 ], [ 120.963008579396117, -18.043435401919517 ], [ 120.96498579244782, -18.039711751727861 ], [ 120.965278031982351, -18.039222977582288 ], [ 121.011367691683304, -17.969643195636046 ], [ 121.053399058074447, -17.917334771319773 ], [ 121.053206742223409, -17.917189598768374 ], [ 121.058030579062219, -17.911327899807759 ], [ 121.060558313944284, -17.908418503508113 ], [ 121.063834066811538, -17.904338188910376 ], [ 121.073302956907412, -17.89359315450055 ], [ 121.07337922210121, -17.893654821408415 ], [ 121.09760631595131, -17.863647371814256 ], [ 121.165015793550793, -17.79588666380824 ], [ 121.225570690092411, -17.746364085953971 ], [ 121.216707849094973, -17.706478871231148 ], [ 121.206351408784272, -17.610061698490259 ], [ 121.206220871616409, -17.607511041262374 ], [ 121.205909842633758, -17.577256489019742 ], [ 121.203827964494153, -17.554365316315813 ], [ 121.203136809038895, -17.541391856860674 ], [ 121.20219744947849, -17.517659313061561 ], [ 121.202120225058394, -17.514678899063679 ], [ 121.203564715726472, -17.437165988989126 ], [ 121.209612959619278, -17.381151897435718 ], [ 121.209369320298762, -17.368427058681565 ], [ 121.211119008704813, -17.349610663239016 ], [ 121.212740758033945, -17.291690986661763 ], [ 121.21535025342574, -17.271170353702093 ], [ 121.215349219396742, -17.271079216773195 ], [ 121.222635146099094, -17.188905698630087 ], [ 121.205793637738367, -17.147696356174468 ], [ 121.180544994030441, -17.061963187431957 ], [ 121.16416653716243, -16.97422275961387 ], [ 121.156798530990002, -16.885326825524952 ], [ 121.158493039544254, -16.79613715755465 ], [ 121.16921417270521, -16.70751718307357 ], [ 121.18883918540044, -16.620323650074958 ], [ 121.217160390778403, -16.535398401590577 ], [ 121.253887841419655, -16.453560334737457 ], [ 121.298652727712749, -16.375597617069467 ], [ 121.351011438950067, -16.302260229298906 ], [ 121.410450230376441, -16.234252899468142 ], [ 121.411180748953242, -16.233495277887826 ], [ 121.477792401041427, -16.170897625726727 ], [ 121.55037568058151, -16.115012025946559 ], [ 121.628218517321741, -16.066384529570055 ], [ 121.710560569849591, -16.025489933093713 ], [ 121.796600402930267, -15.992727289283097 ], [ 121.885502944694082, -15.968416141702065 ], [ 121.97640716774994, -15.952793514374367 ], [ 122.036723782896516, -15.948355959182111 ], [ 122.036702153792518, -15.94811054438202 ], [ 122.04330435291493, -15.94755307569371 ], [ 122.048102818427779, -15.947392974662627 ], [ 122.048088198246177, -15.947167105256323 ], [ 122.057876956413537, -15.946559867269928 ], [ 122.057891993419744, -15.946791896045834 ], [ 122.068433939917185, -15.946011681596625 ], [ 122.082977553598852, -15.945643359702826 ], [ 122.082992927855543, -15.946223545784191 ], [ 122.108415053388896, -15.94536557055223 ], [ 122.156924779458649, -15.869072810018915 ], [ 122.213602382245327, -15.796998317468013 ], [ 122.255141664069541, -15.753823103147557 ], [ 122.246520130799169, -15.720972447058232 ], [ 122.245977723780072, -15.718420153478236 ], [ 122.228153613243876, -15.587378685323282 ], [ 122.227948237812086, -15.584017764580159 ], [ 122.226724224798119, -15.501422918101973 ], [ 122.226802618825971, -15.498923210572951 ], [ 122.227087611236996, -15.490964804921781 ], [ 122.227552501636566, -15.479416588900905 ], [ 122.235561905227442, -15.390606288970544 ], [ 122.252338643883562, -15.302966246290342 ], [ 122.27770437339575, -15.217334940082262 ], [ 122.311400068794796, -15.134530666458589 ], [ 122.353089097724421, -15.055343814555005 ], [ 122.402360947890699, -14.980529437618307 ], [ 122.458735555084829, -14.910800184072805 ], [ 122.521668176746857, -14.846819649622619 ], [ 122.590554755433374, -14.789196207154282 ], [ 122.664737716705616, -14.738477366621751 ], [ 122.667298083567658, -14.736902979079785 ], [ 122.76475532279629, -14.684693315971961 ], [ 122.819890654869283, -14.663140784762609 ], [ 122.786908429054904, -14.618757639657598 ], [ 122.741945646337285, -14.544264491545082 ], [ 122.704358477858705, -14.465829013138546 ], [ 122.703805608813667, -14.464516989809784 ], [ 122.672171746824631, -14.377176722575374 ], [ 122.64964094918696, -14.287057917761507 ], [ 122.636427684846879, -14.195094024714868 ], [ 122.63264864133177, -14.102236457979936 ], [ 122.638322343904662, -14.009444724431345 ], [ 122.653369811874583, -13.9176765149139 ], [ 122.677616210184965, -13.827877861278097 ], [ 122.678054441650545, -13.826529462375914 ], [ 122.706639010396515, -13.750223156111323 ], [ 122.741839393939429, -13.676739978862079 ], [ 122.783368048280948, -13.606659448136238 ], [ 122.830889307139159, -13.540533781706944 ], [ 122.884022237635264, -13.478883624071511 ], [ 122.88494280068771, -13.477906191311124 ], [ 122.944332217502151, -13.420266682684597 ], [ 123.008607252156793, -13.368232754551817 ], [ 123.077243494326254, -13.322227767521628 ], [ 123.149683189629144, -13.282625828094577 ], [ 123.225339632552561, -13.249748824445726 ], [ 123.225757240332868, -13.249589390636949 ], [ 123.308886258338703, -13.222350157493105 ], [ 123.394195320979875, -13.203234773221201 ], [ 123.480911356423633, -13.192418055421852 ], [ 123.568249368417156, -13.189998911541519 ], [ 123.655419094829256, -13.19599946055105 ], [ 123.741631697961552, -13.210364836565194 ], [ 123.826106446277876, -13.232963675989989 ], [ 123.908077347129591, -13.263589284260789 ], [ 123.908495098760852, -13.263768657358408 ], [ 123.992762616150841, -13.305205391532192 ], [ 124.072412911198654, -13.355112039858328 ], [ 124.146608931303334, -13.412963219602585 ], [ 124.214567554959473, -13.478149554733704 ], [ 124.215478118434078, -13.479117014568814 ], [ 124.270921374479045, -13.543758156828265 ], [ 124.320198559642989, -13.613271659834634 ], [ 124.362876958657324, -13.687058250625434 ], [ 124.363684211146023, -13.688615495467262 ], [ 124.368082749057692, -13.698302269347417 ], [ 124.425452162400731, -13.650709529830349 ], [ 124.50233667175884, -13.599041049244565 ], [ 124.583978647931261, -13.555405791690475 ], [ 124.669549248531069, -13.520248351957527 ], [ 124.758182302087519, -13.493926790089855 ], [ 124.767172846164215, -13.492225139933462 ], [ 124.843450390884158, -13.452822581940964 ], [ 124.849669351055127, -13.450355917900263 ], [ 124.862133642858396, -13.429204371389812 ], [ 124.913839146641337, -13.357991222857766 ], [ 124.972040860013266, -13.292071955373448 ], [ 125.036197921918003, -13.232052428655388 ], [ 125.105717606924586, -13.178483894774143 ], [ 125.179960754725471, -13.131858051969711 ], [ 125.258247514243791, -13.092602641729956 ], [ 125.339863356029397, -13.061077625167551 ], [ 125.424065307816406, -13.03757196990253 ], [ 125.510088369330589, -13.022301073620575 ], [ 125.511021851478731, -13.02218151764192 ], [ 125.555081034390511, -13.018873376190045 ], [ 125.56345076208413, -13.01134987795637 ], [ 125.56372024391456, -13.011130511291492 ], [ 125.63998002340837, -12.9553348487915 ], [ 125.721477854686469, -12.907773267736777 ], [ 125.807347851649936, -12.868952621416788 ], [ 125.896680629613456, -12.839286426879674 ], [ 125.988532480919616, -12.819090576432794 ], [ 126.08193480004806, -12.808580065108528 ], [ 126.082600073221712, -12.808540211743155 ], [ 126.171423948806023, -12.807611308225573 ], [ 126.259918389250373, -12.815445431031657 ], [ 126.347250568429459, -12.831968074171128 ], [ 126.363623981270834, -12.836779966264007 ], [ 126.373755046910119, -12.836395116419787 ], [ 126.45930278468812, -12.84132288879912 ], [ 126.53002137565592, -12.852210946556495 ], [ 126.54448715331192, -12.845238423350949 ], [ 126.544984446295416, -12.845029135395389 ], [ 126.632351378376384, -12.813430433693959 ], [ 126.722412285276107, -12.790986975009474 ], [ 126.784653672802406, -12.782145730602245 ], [ 126.796673946638776, -12.779911607472664 ], [ 126.805836515904332, -12.779129396222869 ], [ 126.814241726597771, -12.777931498774318 ], [ 126.824294247183815, -12.777551594139132 ], [ 126.884491521583712, -12.77238668078855 ], [ 126.972612819114318, -12.773493755803228 ], [ 127.060221301713113, -12.783222463604783 ], [ 127.146504878756872, -12.801481679693902 ], [ 127.230662959361851, -12.828100353749711 ], [ 127.311913433702244, -12.86282906784604 ], [ 127.389499538214167, -12.905342310129205 ], [ 127.392882649478409, -12.907650605665259 ], [ 127.466387026125275, -12.920326095005803 ], [ 127.471999656651676, -12.921551646323524 ], [ 127.556115096952809, -12.944211606494022 ], [ 127.637734697810302, -12.974876442304852 ], [ 127.71611954499987, -13.013266544499873 ], [ 127.790558207327749, -13.05903173682553 ], [ 127.860372905065773, -13.111754385913702 ], [ 127.924925463401692, -13.170953115375575 ], [ 127.930258073009441, -13.176874970428877 ], [ 127.931356522955014, -13.177534283266269 ], [ 127.932183731891143, -13.178082559437668 ], [ 128.004246620477545, -13.231081515846224 ], [ 128.070880273900087, -13.290904526666999 ], [ 128.13144560853911, -13.356980636470201 ], [ 128.185320706913103, -13.428628687998572 ], [ 128.196118087820054, -13.43653383951888 ], [ 128.207689563382331, -13.44713497706554 ], [ 128.25700591232021, -13.486905270169213 ], [ 128.279445530936016, -13.509108904055164 ], [ 128.281098323419428, -13.510429262938418 ], [ 128.285634257689679, -13.514567502052678 ], [ 128.304612373807259, -13.533605112046649 ], [ 128.304953261629237, -13.533866422231855 ], [ 128.368520477416098, -13.592930618317943 ], [ 128.426286396513092, -13.657748982980767 ], [ 128.450472380747186, -13.690671049567584 ], [ 128.489374170872281, -13.726003144194872 ], [ 128.5490555776706, -13.791765926951886 ], [ 128.55987700050315, -13.806289701133952 ], [ 128.597671419093786, -13.80427089927853 ], [ 128.614973052252083, -13.747097763073794 ], [ 128.615217123872867, -13.746408644162731 ], [ 128.645753034052802, -13.6709435821755 ], [ 128.682808023161016, -13.598470793704712 ], [ 128.726081068979937, -13.529560507432043 ], [ 128.775224057211119, -13.464754476339008 ], [ 128.829844708765194, -13.404561796960463 ], [ 128.832414883496483, -13.401968760018288 ], [ 128.896601840659116, -13.343061987079571 ], [ 128.924487002340385, -13.321971685489213 ], [ 128.925930903797109, -13.312912002099949 ], [ 128.935679527034864, -13.276221043418127 ], [ 128.936212559871876, -13.273720603429336 ], [ 128.936983527551263, -13.271311143809207 ], [ 128.950043130664312, -13.222111979247016 ], [ 128.983197645998814, -13.134241144164667 ], [ 129.025030870324571, -13.05021850893689 ], [ 129.075091240341521, -12.970921984904422 ], [ 129.132844444634287, -12.89717935176466 ], [ 129.136998312564032, -12.892863515865695 ], [ 129.1551462255606, -12.826785849482171 ], [ 129.18811401082192, -12.740958828273532 ], [ 129.189459672550271, -12.737913267688349 ], [ 129.228897786550135, -12.658989440982214 ], [ 129.275574499107847, -12.584244124943378 ], [ 129.329050000350634, -12.514366113881252 ], [ 129.335134663975907, -12.507818897430525 ], [ 129.370935364269883, -12.442654688349727 ], [ 129.374948516660396, -12.436846729602644 ], [ 129.330050543493627, -12.385578954592177 ], [ 129.323047116687093, -12.376690225240582 ], [ 129.270048013512508, -12.301981752688325 ], [ 129.224700725554669, -12.222199560698687 ], [ 129.187450599113049, -12.138147996280932 ], [ 129.158658645786858, -12.05067364086033 ], [ 129.146258766666534, -11.995050020076151 ], [ 129.145697672893164, -11.993089409867359 ], [ 129.145263585704754, -11.990583171758827 ], [ 129.138598445462293, -11.960656686169276 ], [ 129.135085909797198, -11.93178627687794 ], [ 129.128502076956323, -11.89371511441146 ], [ 129.128123534500105, -11.890513811972541 ], [ 129.121858328968699, -11.802008035417073 ], [ 129.123914585845142, -11.713262370252064 ], [ 129.134256481078182, -11.625097786212388 ], [ 129.152772013996952, -11.53832912402347 ], [ 129.153386369877182, -11.535991076789831 ], [ 129.176251104518258, -11.461547171301561 ], [ 129.205108890755071, -11.389329620861414 ], [ 129.239745535648751, -11.319852430633262 ], [ 129.240400348507535, -11.318664306514096 ], [ 129.255296804805255, -11.294445975566651 ], [ 129.286538010704277, -11.229427587498398 ], [ 129.295799990385092, -11.193958750269907 ], [ 129.32758705579289, -11.10752544332825 ], [ 129.367512723559031, -11.024764174370553 ], [ 129.41516691631611, -10.946498385359309 ], [ 129.427427343282261, -10.930208214407148 ], [ 129.457822937883975, -10.883232843877101 ], [ 129.470697479047146, -10.830579939165165 ], [ 129.500627166368588, -10.744631311274356 ], [ 129.538520703247741, -10.662122673387953 ], [ 129.583998213075034, -10.583853697466571 ], [ 129.636608960166313, -10.510582421181351 ], [ 129.695836038430372, -10.443018010188403 ], [ 129.76110157906831, -10.381814001879878 ], [ 129.831772420981196, -10.32756209110746 ], [ 129.907166187924048, -10.280786513334769 ], [ 129.986557717294943, -10.241939075236212 ], [ 130.069185786616998, -10.211394876939137 ], [ 130.154260085097803, -10.189448763940449 ], [ 130.240968378993358, -10.176312540241078 ], [ 130.32848382073152, -10.172112967483169 ], [ 130.415972352761798, -10.176890567891739 ], [ 130.502600157814868, -10.190599241674674 ], [ 130.587541107618677, -10.213106702286941 ], [ 130.66998416210663, -10.244195725684888 ], [ 130.749140670764433, -10.283566202451507 ], [ 130.824251527026064, -10.330837974535481 ], [ 130.861834303824764, -10.360084238341697 ], [ 130.921771338732441, -10.331767839643875 ], [ 131.001775219274691, -10.303117495753517 ], [ 131.00764909976516, -10.30133262675238 ], [ 131.040135486240047, -10.292148061050739 ], [ 131.042420945353399, -10.291549797707066 ], [ 131.127379271469238, -10.273823454909307 ], [ 131.213571524469131, -10.264761327330366 ], [ 131.22156484560162, -10.264735057613644 ], [ 131.2225050662461, -10.264631165555508 ], [ 131.302869853513727, -10.263354278737028 ], [ 131.383021656929543, -10.269616808520592 ], [ 131.462318343251354, -10.283367965299258 ], [ 131.535530059173254, -10.303250289346229 ], [ 131.590307346036525, -10.281601995584342 ], [ 131.665609721399193, -10.260278766940795 ], [ 131.700704442731336, -10.246507994655387 ], [ 131.785437548388643, -10.22286027138219 ], [ 131.811725091408363, -10.218351904789177 ], [ 131.826848572134509, -10.214565504630905 ], [ 131.909226644396057, -10.202276334004301 ], [ 131.992335292781689, -10.198044282818378 ], [ 132.04767104200161, -10.200621441573164 ], [ 132.050444240128343, -10.200282042525243 ], [ 132.082666753626881, -10.182773909279234 ], [ 132.082995125640309, -10.182614336640826 ], [ 132.165759682330503, -10.147532293422721 ], [ 132.170341897391864, -10.146129096660431 ], [ 132.213078214162636, -10.123928306191621 ], [ 132.296996674520074, -10.090842027969531 ], [ 132.383641735518324, -10.066724488624674 ], [ 132.469496892143383, -10.052266879471482 ], [ 132.482104864120885, -10.049962196947927 ], [ 132.563883881385237, -10.043040076815617 ], [ 132.645922380180849, -10.044006349556518 ], [ 132.693888227395036, -10.049212555456036 ], [ 132.722249304764972, -10.036612047681714 ], [ 132.727847401207981, -10.034487875899391 ], [ 132.761421288973679, -10.023874332732168 ], [ 132.765259689909385, -10.022324347316436 ], [ 132.77674599841842, -10.019026009658454 ], [ 132.820537938308149, -10.005158290586293 ], [ 132.834437524874033, -10.002440098824037 ], [ 132.851122960041295, -9.997637065814967 ], [ 132.938891720564982, -9.982031928888482 ], [ 133.027699144697038, -9.975664883232461 ], [ 133.116668795641488, -9.978599551305297 ], [ 133.204922736522775, -9.990806608929462 ], [ 133.291589650304189, -10.012164072151279 ], [ 133.375812915572652, -10.042458490708892 ], [ 133.456758583713736, -10.081387037078322 ], [ 133.533623202227574, -10.128560471798796 ], [ 133.605641427813055, -10.183506957697059 ], [ 133.605771188747667, -10.183616707388492 ], [ 133.671098868176728, -10.244626115831863 ], [ 133.730422422563862, -10.312016090713968 ], [ 133.783163690929882, -10.385135317011972 ], [ 133.828805097957741, -10.463276691848353 ], [ 133.866894858403185, -10.545684057119297 ], [ 133.866955624525048, -10.545833884370536 ], [ 133.894559549500826, -10.62330123216665 ], [ 133.895648892468103, -10.627458349334686 ], [ 133.896247500008684, -10.62914689580712 ], [ 133.902899748704243, -10.655120067662674 ], [ 133.903420168325624, -10.657104860435529 ], [ 133.903451076913711, -10.657120990968087 ], [ 133.930432504732863, -10.67437309181242 ], [ 133.9378030804547, -10.678610121719226 ], [ 133.939765850189559, -10.679866826040845 ], [ 133.945672831547824, -10.684112689604477 ], [ 133.968972798464335, -10.698995736123511 ], [ 134.005374248381429, -10.726989791558863 ], [ 134.017437343902884, -10.735645570330139 ], [ 134.022359029581594, -10.740042833378604 ], [ 134.030823199891927, -10.746545558520372 ], [ 134.075861448754551, -10.787807527833163 ], [ 134.08906810975418, -10.799587497372046 ], [ 134.093896199807205, -10.804376787858532 ], [ 134.104130244500823, -10.815551098209736 ], [ 134.11214093258917, -10.823844000655324 ], [ 134.112270984219379, -10.823983700300959 ], [ 134.117143423962233, -10.829755158517317 ], [ 134.132784047025012, -10.846820118847011 ], [ 134.14711894187738, -10.850025410858045 ], [ 134.227864482190455, -10.876563179831805 ], [ 134.305860946716024, -10.910866287869162 ], [ 134.307940848380554, -10.911903342961931 ], [ 134.383064585859472, -10.954018184500987 ], [ 134.446223137680079, -10.997915124034815 ], [ 134.457201870390463, -11.000573237961115 ], [ 134.490940704187722, -11.012232748446847 ], [ 134.536384856381289, -11.002960724988183 ], [ 134.548702183812509, -11.001722346011219 ], [ 134.554922239905324, -10.995407284296236 ], [ 134.627573361526089, -10.935549026200517 ], [ 134.705762938028641, -10.883764489658436 ], [ 134.788655855536007, -10.840608315075961 ], [ 134.875369900129158, -10.806542540475634 ], [ 134.964984746764117, -10.781931761207112 ], [ 134.969465292523751, -10.780954751610871 ], [ 135.061279204328969, -10.766032052987935 ], [ 135.154079216628276, -10.761040584843062 ], [ 135.156700783371633, -10.761040584843062 ], [ 135.248154033832094, -10.76588784108703 ], [ 135.338663574733175, -10.780380932436554 ], [ 135.427294727701707, -10.804368474970026 ], [ 135.465223029791474, -10.819062385824646 ], [ 135.488914879319054, -10.822884038300502 ], [ 135.539327504094473, -10.836247665566466 ], [ 135.58243421187376, -10.799837669610756 ], [ 135.661315961423782, -10.746407883017641 ], [ 135.745122864644827, -10.70184749446531 ], [ 135.747590246723064, -10.700700735025677 ], [ 135.835990399292655, -10.665300158674446 ], [ 135.887053068311531, -10.651065513421306 ], [ 135.88701711083263, -10.650925393953246 ], [ 135.890177214480019, -10.650048013210922 ], [ 135.892846648031934, -10.649448858923552 ], [ 135.91336565500194, -10.643720580112616 ], [ 135.929249602990382, -10.614547947381384 ], [ 135.940462156208042, -10.588509213760618 ], [ 135.985432254101966, -10.507159164137184 ], [ 136.038008802577735, -10.43091232631282 ], [ 136.097647223241779, -10.360545636091219 ], [ 136.163734361148926, -10.296775665670442 ], [ 136.235594843765796, -10.240251447699299 ], [ 136.312497924136835, -10.191547986932468 ], [ 136.393664742170898, -10.151160520380291 ], [ 136.395683977547662, -10.150282908808105 ], [ 136.476546394154099, -10.119813778935709 ], [ 136.493296786446336, -10.115352761599823 ], [ 136.497782505660751, -10.113669892778519 ], [ 136.498160211643267, -10.113550229734059 ], [ 136.580030115362462, -10.091971157286707 ], [ 136.663468755984809, -10.078575151792347 ], [ 136.747736374845999, -10.073482398378165 ], [ 136.832086328402568, -10.076738584536811 ], [ 136.833893820489379, -10.076898117485779 ], [ 136.914686857293304, -10.087931322992027 ], [ 136.994193217357122, -10.106623595681373 ], [ 137.071755639473082, -10.132818677988478 ], [ 137.146731942945564, -10.166297554845766 ], [ 137.148433739368301, -10.167155277006934 ], [ 137.228931012512504, -10.213181363984223 ], [ 137.304519572673826, -10.267585527784696 ], [ 137.374400278015798, -10.329791448635651 ], [ 137.437830881158959, -10.399139848789355 ], [ 137.494133798414737, -10.474895352920017 ], [ 137.496252960899, -10.478069952237195 ], [ 137.54559041106603, -10.560871778346241 ], [ 137.586371967217985, -10.648561733952956 ], [ 137.618134203275275, -10.740175710105254 ], [ 137.62467886295974, -10.767842948030925 ], [ 137.632661265632919, -10.794534131387634 ], [ 137.650089898077454, -10.881302682393178 ], [ 137.6594631413451, -10.969368827026679 ], [ 137.659953520359892, -11.005096952967468 ], [ 137.661023230727864, -11.021192885804249 ], [ 137.660410553975623, -11.03837335175942 ], [ 137.660679253605849, -11.057927238528498 ], [ 137.658915351385673, -11.080277306203421 ], [ 137.65753856828303, -11.118832424709717 ], [ 137.644110508357556, -11.215506846745924 ], [ 137.636401370791702, -11.246913237762538 ], [ 137.65850158456044, -11.29260326303976 ], [ 137.661275223025029, -11.299194943266539 ], [ 137.665939951039519, -11.310483285144407 ], [ 137.66622359763457, -11.311182429272 ], [ 137.694886790767583, -11.392189004071117 ], [ 137.716135786110272, -11.475565772106354 ], [ 137.72977237654888, -11.560588888122062 ], [ 137.73566342161692, -11.646519589583125 ], [ 137.733785216615985, -11.73069777721672 ], [ 137.754645652122804, -11.798776024355334 ], [ 137.754686644538509, -11.798935891437402 ], [ 137.772420047604783, -11.884242782203627 ], [ 137.775562648685536, -11.911994319613651 ], [ 137.778313615916971, -11.916752989009339 ], [ 137.817094355521107, -12.002892437170164 ], [ 137.84707247716824, -12.092617046501459 ], [ 137.867914422775499, -12.184980350323535 ], [ 137.868392669243661, -12.187738744204841 ], [ 137.879172549966114, -12.272718371550489 ], [ 137.882176749991373, -12.358323945008687 ], [ 137.877363962133813, -12.44381484636506 ], [ 137.864760568716832, -12.528450742606839 ], [ 137.84446094311636, -12.611497995335069 ], [ 137.816627146989504, -12.692236037399631 ], [ 137.781488007654133, -12.769963661303837 ], [ 137.780962645758876, -12.770995320288772 ], [ 137.761002404599651, -12.806122172536393 ], [ 137.742156098104942, -12.842678972227111 ], [ 137.692425991274888, -12.9192919643118 ], [ 137.635344085036706, -12.990455025196484 ], [ 137.631004544787061, -12.994874972143265 ], [ 137.629616853514676, -13.003793401493107 ], [ 137.651408341337003, -13.028991242946841 ], [ 137.665605680005058, -13.044650136117085 ], [ 137.669353263585663, -13.04972923225837 ], [ 137.676773674431985, -13.058301438150943 ], [ 137.70657348524324, -13.100140754025078 ], [ 137.720528851665165, -13.119026629872664 ], [ 137.722990327749528, -13.123172805517552 ], [ 137.727241299502822, -13.129134703814776 ], [ 137.754789070605227, -13.176701383217882 ], [ 137.767801614978055, -13.1985879022265 ], [ 137.768144536998477, -13.199236771856304 ], [ 137.769373646280798, -13.201864470960929 ], [ 137.770876481755323, -13.204456557133563 ], [ 137.787176930586753, -13.239909664034473 ], [ 137.806150514478162, -13.280422330524798 ], [ 137.807265321150936, -13.283565286875268 ], [ 137.807276539317542, -13.283589654788692 ], [ 137.807478277886105, -13.284165649576098 ], [ 137.836151533352449, -13.364934022484695 ], [ 137.8578462624655, -13.451965452020193 ], [ 137.871010933027378, -13.54068534777233 ], [ 137.875502080842921, -13.630245424606137 ], [ 137.871258576926692, -13.719788438609431 ], [ 137.8583029026031, -13.808456361668981 ], [ 137.844692757315698, -13.863354353484938 ], [ 137.869070570325732, -13.939842184849114 ], [ 137.88792328627423, -14.028185382368243 ], [ 137.89799408942514, -14.117928477941909 ], [ 137.899166455485471, -14.208197878521679 ], [ 137.898637694926862, -14.214332515518011 ], [ 137.901358079371107, -14.265665470566205 ], [ 137.895554555897888, -14.366220586779976 ], [ 137.878662247142415, -14.465492060045367 ], [ 137.878399896331587, -14.46664308873931 ], [ 137.851684174642941, -14.560289620135819 ], [ 137.838000231737681, -14.594018249668659 ], [ 137.837612211802821, -14.595738987158311 ], [ 137.811988712038868, -14.674772950832748 ], [ 137.779202724193709, -14.751139693706252 ], [ 137.739515136594918, -14.824204447656896 ], [ 137.693246047645687, -14.893359254878151 ], [ 137.678882044286155, -14.911071642657115 ], [ 137.705534477841155, -14.931876551809893 ], [ 137.77288701441995, -14.996383183810382 ], [ 137.833336414061904, -15.067280785492976 ], [ 137.886253705956932, -15.143841665632138 ], [ 137.931083786873614, -15.225279260281882 ], [ 137.967351456083918, -15.310756041046341 ], [ 137.981503835206809, -15.356698832713905 ], [ 137.983963495487018, -15.357718219981207 ], [ 137.990118705988181, -15.360446932480444 ], [ 138.045347259005837, -15.377554092613098 ], [ 138.12416022209996, -15.410056102844417 ], [ 138.199635577515608, -15.449534337957825 ], [ 138.27113758677217, -15.4956554465052 ], [ 138.275605176141369, -15.498834117661005 ], [ 138.373766660050649, -15.579284886617867 ], [ 138.375356042335682, -15.580780127879326 ], [ 138.463077979112029, -15.675702470442319 ], [ 138.465605135651089, -15.678853867746826 ], [ 138.490066094826375, -15.712814555229969 ], [ 138.500971187347687, -15.696521794159899 ], [ 138.559706895881078, -15.625435334250509 ], [ 138.625353618841643, -15.560458257666079 ], [ 138.697246632666321, -15.502242406407563 ], [ 138.774662010913488, -15.451371322420774 ], [ 138.775847281467207, -15.450673952639248 ], [ 138.853731698983779, -15.409645650964512 ], [ 138.935191952668475, -15.376064411559323 ], [ 138.979493093566447, -15.362498801386717 ], [ 138.979461418361893, -15.36239757925207 ], [ 138.979789355088371, -15.362297996676656 ], [ 138.981789643322173, -15.361795057962105 ], [ 139.019497110236415, -15.35023299293826 ], [ 139.06502850385337, -15.340834388418738 ], [ 139.067736249460921, -15.340151502584336 ], [ 139.069964971276733, -15.339814338782604 ], [ 139.105892381183423, -15.332384195844886 ], [ 139.15407634451563, -15.327060261853791 ], [ 139.157441687246489, -15.326548763823157 ], [ 139.159894149260708, -15.326416193491937 ], [ 139.193605491510937, -15.322678834865279 ], [ 139.243929043475418, -15.321845364301774 ], [ 139.248058406468658, -15.321619345263867 ], [ 139.250717711126214, -15.321731432299407 ], [ 139.281853163189311, -15.321204338491306 ], [ 139.333732061204188, -15.325202852494359 ], [ 139.338731105112203, -15.325410193718072 ], [ 139.341567917824733, -15.32580496195177 ], [ 139.369847658870697, -15.32797398845012 ], [ 139.42263429446669, -15.337058593166644 ], [ 139.428603987509291, -15.33788520614933 ], [ 139.431577074093582, -15.338595364299596 ], [ 139.456803352895747, -15.342926804172306 ], [ 139.457300001229811, -15.34303633553573 ], [ 139.510210274000883, -15.357349621682047 ], [ 139.516828313800119, -15.358925561719904 ], [ 139.519733981149386, -15.359923265576217 ], [ 139.542803855766039, -15.366154140222269 ], [ 139.596285188365869, -15.386177945682437 ], [ 139.60256990534856, -15.388330814963334 ], [ 139.605013098449319, -15.389442918024068 ], [ 139.625704554661581, -15.397180100855392 ], [ 139.679091583895428, -15.423129196695148 ], [ 139.68501655860328, -15.42582074115861 ], [ 139.687043034654323, -15.426991066096658 ], [ 139.705252421823189, -15.43583211015935 ], [ 139.757846674119889, -15.467845072680602 ], [ 139.763385319116594, -15.471037918824312 ], [ 139.765038621278677, -15.472219471465653 ], [ 139.780726202124384, -15.481758564208633 ], [ 139.831807512260525, -15.519896765699622 ], [ 139.836929566317139, -15.523551028189765 ], [ 139.837248471821056, -15.523829342899692 ], [ 139.840047983793539, -15.524429831656789 ], [ 139.888337669018, -15.539115536301168 ], [ 139.971591629027245, -15.552733413781199 ], [ 139.972147855307554, -15.552852895122884 ], [ 140.058581319920052, -15.575739926022283 ], [ 140.142400999301714, -15.606666288104426 ], [ 140.222836973830113, -15.645346368969454 ], [ 140.299148453995002, -15.691422788016773 ], [ 140.370630294242801, -15.744469591924231 ], [ 140.43661927763614, -15.80399607022777 ], [ 140.453457281630193, -15.822412573488467 ], [ 140.455199474955521, -15.802152842945612 ], [ 140.471354562354634, -15.715523572340706 ], [ 140.471478117676241, -15.715004082345144 ], [ 140.496337563799898, -15.629511393398067 ], [ 140.505449584246946, -15.606819383736893 ], [ 140.514652793027295, -15.548761229478799 ], [ 140.517121508860129, -15.536091365304477 ], [ 140.518700792965831, -15.528174664891866 ], [ 140.521423664846282, -15.514835825522724 ], [ 140.521484191528231, -15.5148477726359 ], [ 140.52822187996864, -15.482928714812322 ], [ 140.530396440561134, -15.473658222509805 ], [ 140.534950972366175, -15.449681569656791 ], [ 140.536441771895284, -15.44364762889483 ], [ 140.547166496170462, -15.40515445620267 ], [ 140.548259216666963, -15.400553870040051 ], [ 140.553244257050324, -15.380580846274732 ], [ 140.556681992013836, -15.367444734804966 ], [ 140.556732981159115, -15.367457680493354 ], [ 140.562008492497995, -15.346349234897639 ], [ 140.579390294884291, -15.283819048022332 ], [ 140.589400568081544, -15.250309166059044 ], [ 140.590665633158409, -15.246354187221794 ], [ 140.621463598401078, -15.164032992373782 ], [ 140.627592983443151, -15.149786496956398 ], [ 140.648378303122342, -15.107577772954974 ], [ 140.651595047558772, -15.100287393644424 ], [ 140.652382792502721, -15.096850884514097 ], [ 140.652761449270514, -15.095522385394533 ], [ 140.676477272804618, -15.024177534963325 ], [ 140.68135656616613, -15.004582558484961 ], [ 140.678988146958488, -14.989509586457054 ], [ 140.673872705460468, -14.970989337732535 ], [ 140.670413736326509, -14.950812218831166 ], [ 140.668110567054526, -14.938714047993598 ], [ 140.666158349082906, -14.930554558273357 ], [ 140.665123949158641, -14.925350354275816 ], [ 140.662767418270761, -14.91063638639854 ], [ 140.661154298121687, -14.902156599916955 ], [ 140.660065376002336, -14.897413568405243 ], [ 140.659685347625526, -14.894433460877419 ], [ 140.653601820945056, -14.862436405520238 ], [ 140.649223771150304, -14.812328416166539 ], [ 140.648779368209063, -14.808837746992046 ], [ 140.648678719718049, -14.807537320784309 ], [ 140.648661072072059, -14.806877879271358 ], [ 140.647495275404282, -14.801433214979982 ], [ 140.64570438714901, -14.790095897487387 ], [ 140.640054721622676, -14.727839552242628 ], [ 140.636791435737706, -14.713689601666488 ], [ 140.627122636795065, -14.679908955328155 ], [ 140.626628374427526, -14.677576983197689 ], [ 140.613586131404048, -14.599208441597915 ], [ 140.607463184259473, -14.519988559660609 ], [ 140.608293027839096, -14.440517657860104 ], [ 140.60841985515944, -14.438178129587191 ], [ 140.622316589755087, -14.321576251404357 ], [ 140.625567197000294, -14.304008724540573 ], [ 140.628831656183394, -14.287688049416444 ], [ 140.625408470544784, -14.279172906005263 ], [ 140.620725599362913, -14.267235769956342 ], [ 140.616151838322679, -14.253546167373312 ], [ 140.605099816014075, -14.22609069629795 ], [ 140.604234685003775, -14.223587483490226 ], [ 140.580978954796365, -14.144971360950283 ], [ 140.564892935861792, -14.064566607093669 ], [ 140.556092867845706, -13.983020957193892 ], [ 140.555372871054772, -13.942505636704587 ], [ 140.552859024986617, -13.893263876873853 ], [ 140.552842668150987, -13.874543556236306 ], [ 140.559192197470765, -13.76595250414524 ], [ 140.559999997506367, -13.759115494094926 ], [ 140.567236731813438, -13.709498351241818 ], [ 140.569120692590872, -13.698655326940083 ], [ 140.575783787477889, -13.664203123601494 ], [ 140.577992827320287, -13.653841262913623 ], [ 140.57853872849563, -13.653958644971883 ], [ 140.57921148527268, -13.650300828403005 ], [ 140.59067040623566, -13.596922464941272 ], [ 140.592467989372892, -13.589609036618636 ], [ 140.594579982065682, -13.582426650891737 ], [ 140.59486183576459, -13.579295043681675 ], [ 140.609125863054118, -13.480733627796013 ], [ 140.609661076706288, -13.478060818264591 ], [ 140.610944771200053, -13.470675035581737 ], [ 140.626430091041669, -13.405160573737083 ], [ 140.62547433391731, -13.404930965030452 ], [ 140.628055428646462, -13.39403030029751 ], [ 140.637486048910546, -13.357527708921497 ], [ 140.640895780052745, -13.345356246995077 ], [ 140.64306707859123, -13.337472658515647 ], [ 140.650104692495319, -13.313214220776336 ], [ 140.652635760340047, -13.304913217247144 ], [ 140.683128348293536, -13.219956980944076 ], [ 140.685468881856025, -13.214315015826861 ], [ 140.686735363826045, -13.211277155875086 ], [ 140.692550038503953, -13.197397075644449 ], [ 140.695078999853166, -13.191431011397041 ], [ 140.683221279812244, -13.127483471612758 ], [ 140.6754649810795, -13.040644170240761 ], [ 140.675895922675522, -12.95342382892297 ], [ 140.684493716909827, -12.866609189254948 ], [ 140.701164661456829, -12.780982541015922 ], [ 140.707650515942589, -12.758917579486354 ], [ 140.703964294411435, -12.743882638640637 ], [ 140.690983799509524, -12.65264582997805 ], [ 140.687075535604464, -12.560514540949281 ], [ 140.687080825000692, -12.559754550325751 ], [ 140.691362442481307, -12.476588926886528 ], [ 140.703005044506483, -12.394130556108768 ], [ 140.721899653599138, -12.313054060864932 ], [ 140.724363744079142, -12.304262304988365 ], [ 140.755769537619358, -12.211222034859455 ], [ 140.767207957091699, -12.186311462468717 ], [ 140.773336195986474, -12.167339922356653 ], [ 140.778555112519456, -12.154436674301895 ], [ 140.811994384084699, -12.081008215195915 ], [ 140.816877773033269, -12.071403250571983 ], [ 140.821864568861145, -12.062288285195786 ], [ 140.822764665588409, -12.060337718494095 ], [ 140.827656553488538, -12.050317405421113 ], [ 140.833677143900445, -12.023271574573213 ], [ 140.859731024655588, -11.941890854283811 ], [ 140.869179169384722, -11.919592035313505 ], [ 140.875524439014129, -11.900532617732351 ], [ 140.877197596706253, -11.896247912340208 ], [ 140.915587398291848, -11.810766687901362 ], [ 140.962215151085331, -11.729698560198981 ], [ 140.969620621530254, -11.719380183819448 ], [ 140.97607207027221, -11.705757365635256 ], [ 141.003884097561354, -11.641899683087361 ], [ 141.011564550092771, -11.626432691165144 ], [ 141.040137004770258, -11.573248088544933 ], [ 141.044284464714309, -11.566090056100116 ], [ 141.070488956172625, -11.526156472717382 ], [ 141.071000307473241, -11.525246733278921 ], [ 141.130496093875252, -11.432618765405824 ], [ 141.16050321587187, -11.39622404398278 ], [ 141.163938477578228, -11.388321353123528 ], [ 141.17067331648326, -11.365140079284458 ], [ 141.175003380524828, -11.354513518252331 ], [ 141.179974294479422, -11.338678591349487 ], [ 141.180777306115033, -11.336308035424929 ], [ 141.18277220447581, -11.32847300804511 ], [ 141.18533172292382, -11.318639360697656 ], [ 141.187051116308936, -11.312174734280658 ], [ 141.210521126175223, -11.243289519131752 ], [ 141.193516675436598, -11.201074393432091 ], [ 141.171275098439793, -11.125422544091132 ], [ 141.126181781971468, -11.048912074929115 ], [ 141.086935187660032, -10.963744069106808 ], [ 141.056308571531986, -10.874838047813506 ], [ 141.056102715106334, -10.874127430117946 ], [ 141.049572094776806, -10.84660298173252 ], [ 141.04941873974866, -10.846645615152617 ], [ 141.04919396566757, -10.845774934567673 ], [ 141.047906684391165, -10.839581412182074 ], [ 141.034558669960404, -10.783269240286193 ], [ 141.031430747709123, -10.760243522944869 ], [ 141.030654350040948, -10.756501808651979 ], [ 141.029515865942642, -10.746142306084367 ], [ 141.02197594103248, -10.690580418145917 ], [ 141.021228059134756, -10.670665329505779 ], [ 141.020686654777535, -10.665730902584757 ], [ 141.020520629422975, -10.654213214938933 ], [ 141.010112750716075, -10.649245033748315 ], [ 140.933728089713583, -10.602681576501778 ], [ 140.862218320023345, -10.548407299226589 ], [ 140.796294760743962, -10.48696165854704 ], [ 140.736610024603692, -10.418955018009228 ], [ 140.683751509119304, -10.345062459687172 ], [ 140.638235678251874, -10.266016961081293 ], [ 140.600503186686097, -10.18260201163204 ], [ 140.570914884731934, -10.095643747967646 ], [ 140.54974872787102, -10.006002690754357 ], [ 140.537197601496615, -9.914565168731217 ], [ 140.533368058726637, -9.822234517255467 ], [ 140.538279957558046, -9.729922139511082 ], [ 140.551866973264453, -9.638538518514949 ], [ 140.573977952943324, -9.548984267260325 ], [ 140.604379071563301, -9.462141302829144 ], [ 140.642756742750521, -9.378864228142199 ], [ 140.643432009944547, -9.377565893941169 ], [ 140.691804025898051, -9.294981004245292 ], [ 140.724203212013322, -9.250661769118032 ], [ 140.74468386985626, -9.186188624684455 ], [ 140.74711784909536, -9.179624836510571 ], [ 140.781024418128197, -9.099426303663712 ], [ 140.821857053661603, -9.022919509690617 ], [ 140.8692461243038, -8.950779907980921 ], [ 140.872074532181557, -8.946876025694097 ], [ 140.927794712635205, -8.877231463702577 ], [ 140.98959705078218, -8.81365074166451 ], [ 141.056890910671939, -8.756738832216465 ], [ 141.129036360012293, -8.70703703091608 ], [ 141.205350139365152, -8.665017888274937 ], [ 141.285111932054008, -8.631080789661937 ], [ 141.28614597925602, -8.630701698800902 ], [ 141.368932572454554, -8.605085031792372 ], [ 141.441838327895425, -8.59054520129248 ], [ 141.450691745923564, -8.581656624285364 ], [ 141.511363619803291, -8.530645708763124 ], [ 141.575963352868229, -8.485479869140201 ], [ 141.577457652006473, -8.484531892989034 ], [ 141.596462744423263, -8.473893917511685 ], [ 141.607176467651954, -8.466807470772977 ], [ 141.618562627778516, -8.460855941267116 ], [ 141.642737653609032, -8.446240858706075 ], [ 141.696223123219625, -8.420619199203292 ], [ 141.698836557197467, -8.418783911816869 ], [ 141.780258935705632, -8.373792654228316 ], [ 141.782855996711646, -8.372535472301033 ], [ 141.84075953118608, -8.348259844168934 ], [ 141.856458612052165, -8.339936147331699 ], [ 141.935464911718071, -8.307730040791782 ], [ 142.01697517305314, -8.283762306846349 ], [ 142.100243928866291, -8.268254719999682 ], [ 142.184510631168195, -8.261350755521025 ], [ 142.269006185695361, -8.263114284178204 ], [ 142.271628215142897, -8.263303822059298 ], [ 142.359983710983784, -8.274505223959803 ], [ 142.446844535274295, -8.295179567359359 ], [ 142.531330934226048, -8.32511485471538 ], [ 142.612585745786163, -8.364004078335993 ], [ 142.61875777316294, -8.367366721115122 ], [ 142.638497185334984, -8.378457903923486 ], [ 142.64066792822976, -8.379715187285079 ], [ 142.664823768295236, -8.39537753606591 ], [ 142.696542963751483, -8.380290429185321 ], [ 142.774607959765234, -8.352160246951605 ], [ 142.854773096732885, -8.331935762270803 ], [ 142.936343183412589, -8.31979450662617 ], [ 143.018611604799958, -8.315843046050462 ], [ 143.10086607395931, -8.320116061551216 ], [ 143.182394417235315, -8.33257604987527 ], [ 143.262490358799056, -8.353113647095647 ], [ 143.340459270478959, -8.381548572336392 ], [ 143.354131057309417, -8.388117089640946 ], [ 143.355016183381281, -8.387351580472529 ], [ 143.428406466090252, -8.335897986875619 ], [ 143.506191902868181, -8.29249180064585 ], [ 143.587602512587154, -8.257565748635422 ], [ 143.671834638708788, -8.231467933358518 ], [ 143.673136393213895, -8.231138712374358 ], [ 143.759884340937617, -8.214053585107077 ], [ 143.847784532969087, -8.206338926905209 ], [ 143.935962558796518, -8.208072528050835 ], [ 144.023541416105985, -8.219236908193844 ], [ 144.109649692873433, -8.239719489676878 ], [ 144.110902003490935, -8.240088624024251 ], [ 144.192340858353219, -8.268717407952574 ], [ 144.27081490304866, -8.305675031289027 ], [ 144.345583384767167, -8.350609539698306 ], [ 144.415938476832991, -8.403092905212844 ], [ 144.481211728341691, -8.462625039410298 ], [ 144.54078024400971, -8.528638485853326 ], [ 144.594072543959669, -8.600503749730803 ], [ 144.594574505941239, -8.601252673735383 ], [ 144.640436112695198, -8.677102105226329 ], [ 144.679274354783672, -8.75726253552352 ], [ 144.710718689384464, -8.840991017109278 ], [ 144.73446497435279, -8.92751107111965 ], [ 144.75027871825003, -9.016019820632762 ], [ 144.75799775691948, -9.105695383036425 ], [ 144.757534314189627, -9.19570445607804 ], [ 144.748876407666785, -9.28521002993954 ], [ 144.74297233097883, -9.316235510019675 ], [ 144.751515344049551, -9.32622925840297 ], [ 144.760527778341157, -9.339310919617715 ], [ 144.766951835632455, -9.34740867458382 ], [ 144.768486669062469, -9.349545215423438 ], [ 144.767902992286338, -9.350013162013232 ], [ 144.806316291975975, -9.405711846239667 ], [ 144.852948264946093, -9.490796038034215 ], [ 144.890882124489821, -9.580539524537331 ], [ 144.891359025092868, -9.581848259935141 ], [ 144.918082364024031, -9.667224959020842 ], [ 144.93689043579468, -9.754878817945444 ], [ 144.947593169672245, -9.843994758960417 ], [ 144.950074895205944, -9.933743485451179 ], [ 144.944296007738302, -10.023289160617772 ], [ 144.930293948884497, -10.111797170331709 ], [ 144.908183470248275, -10.198441899652337 ], [ 144.907810366502844, -10.199662951398771 ], [ 144.884905447788071, -10.265817669142251 ], [ 144.85724995341468, -10.329946041867451 ], [ 144.854356964919589, -10.336023714827157 ], [ 144.811874999959571, -10.415219119728496 ], [ 144.768402485923076, -10.480282296050508 ], [ 144.766837118969363, -10.482902784611317 ], [ 144.76484204033369, -10.485606723001661 ], [ 144.762129662634834, -10.4896624785223 ], [ 144.760883729261707, -10.491183755464847 ], [ 144.760607839301429, -10.491629328578428 ], [ 144.754824880750618, -10.499180388540736 ], [ 144.713293643774307, -10.555410141847641 ], [ 144.653094752896237, -10.622022477878422 ], [ 144.652794629099844, -10.622323099171858 ], [ 144.586627792692269, -10.682303738577724 ], [ 144.515052059031547, -10.735171680421347 ], [ 144.438767330067833, -10.780410550450878 ], [ 144.358522388410137, -10.81757825514733 ], [ 144.342925425430423, -10.822956296477159 ], [ 144.333435689353166, -10.862476267373099 ], [ 144.304421893719308, -10.947144350720588 ], [ 144.290531804396238, -10.977824956424655 ], [ 144.289142111040235, -10.981462252244652 ], [ 144.286319471065639, -10.987125301431304 ], [ 144.267588432900141, -11.028459254881193 ], [ 144.253145155781141, -11.053631437236483 ], [ 144.248249139620356, -11.063438711316834 ], [ 144.239774340495472, -11.07692206333043 ], [ 144.223271122584833, -11.105652552301677 ], [ 144.209530503651791, -11.125006404305559 ], [ 144.199622379991638, -11.140747881078811 ], [ 144.184761700960422, -11.159871440547226 ], [ 144.171878972096437, -11.177994153729221 ], [ 144.160210540168464, -11.191445844175172 ], [ 144.144871163365195, -11.211161024457255 ], [ 144.158637192737245, -11.225958883044866 ], [ 144.212028542780075, -11.295586477298544 ], [ 144.258758603529657, -11.37014118405105 ], [ 144.298389502243481, -11.448938777486482 ], [ 144.33054608914253, -11.531255563929914 ], [ 144.354919735026783, -11.616334936247691 ], [ 144.37127160592982, -11.703394245428434 ], [ 144.379435369937823, -11.79163193029483 ], [ 144.379391494985128, -11.825140212310545 ], [ 144.384716235701006, -11.882616128044964 ], [ 144.384360463971944, -11.973632355860827 ], [ 144.375239489938423, -12.064135761199426 ], [ 144.372962481908701, -12.075533609048323 ], [ 144.383308131262709, -12.083296609792452 ], [ 144.447779935975575, -12.142116381161706 ], [ 144.506504178673111, -12.206933483989898 ], [ 144.558939800014912, -12.277156218091127 ], [ 144.604600408752162, -12.352143098755928 ], [ 144.643058900183462, -12.431208609209639 ], [ 144.673951638396801, -12.513629363653456 ], [ 144.674073893073825, -12.514008952558163 ], [ 144.69847520793823, -12.605335760597411 ], [ 144.713545733354152, -12.698693422881865 ], [ 144.719106213558405, -12.793095473778752 ], [ 144.718608609470152, -12.804769225297447 ], [ 144.729049515012207, -12.892416032590123 ], [ 144.73111249570448, -12.981160079276394 ], [ 144.724700063808541, -13.069661297944304 ], [ 144.709854898980211, -13.157092502482802 ], [ 144.694809251269874, -13.212691583304718 ], [ 144.727522116470311, -13.218454380686074 ], [ 144.814353295066581, -13.24284976906301 ], [ 144.898404368855495, -13.275743432990547 ], [ 144.914113755179699, -13.283769210613022 ], [ 144.960298492931685, -13.28556898682257 ], [ 145.046203041945773, -13.297199081723168 ], [ 145.0490138900104, -13.297717136005964 ], [ 145.137383049586987, -13.318611030848439 ], [ 145.223283957134612, -13.348219828884879 ], [ 145.30587637296918, -13.386251756724144 ], [ 145.384350416212612, -13.432331900516932 ], [ 145.457934135348296, -13.486005800487277 ], [ 145.525900818301096, -13.546743814378042 ], [ 145.587575984217295, -13.613946211673165 ], [ 145.642343997488553, -13.686948953938419 ], [ 145.684230898215077, -13.75608622780894 ], [ 145.737097672206971, -13.768118510450249 ], [ 145.824882288722108, -13.797688239458378 ], [ 145.825767290005473, -13.798036958288261 ], [ 145.910520480046671, -13.836495664622506 ], [ 145.990987646163603, -13.883339823544867 ], [ 146.066343865365894, -13.93808807830753 ], [ 146.135813479189494, -14.000177526056383 ], [ 146.198677871562523, -14.068969353857041 ], [ 146.254282817022272, -14.143755249002885 ], [ 146.302045328591078, -14.223764525092944 ], [ 146.341459933263707, -14.308171898431134 ], [ 146.372104302370758, -14.396105842772402 ], [ 146.372226977268355, -14.396525376011585 ], [ 146.39325978265046, -14.484352234870043 ], [ 146.405499217094928, -14.573787798602638 ], [ 146.408807386018879, -14.663959842892577 ], [ 146.403132962416493, -14.753987924671209 ], [ 146.40134919511658, -14.764855028479676 ], [ 146.407395917049996, -14.83763284434259 ], [ 146.40577682356809, -14.928619136460586 ], [ 146.394998822550207, -15.018964594930095 ], [ 146.375150005457414, -15.107768667333662 ], [ 146.360493313542065, -15.151837181788895 ], [ 146.350689298719374, -15.212457530089818 ], [ 146.337953791931795, -15.261355971030898 ], [ 146.334580263561008, -15.285637193461634 ], [ 146.333962797323522, -15.288889761225395 ], [ 146.312124633786141, -15.377514569303811 ], [ 146.340781609285386, -15.451232218861357 ], [ 146.365164642942403, -15.539564448777035 ], [ 146.380430138483092, -15.629830460034258 ], [ 146.386404480674742, -15.721119537981094 ], [ 146.383819578538009, -15.790666771969379 ], [ 146.447253684548031, -15.823092855893261 ], [ 146.522692098392497, -15.871223102598444 ], [ 146.593076478689142, -15.926240524308785 ], [ 146.657748515954665, -15.987632663551747 ], [ 146.716100166451128, -16.054827237297179 ], [ 146.767579340601287, -16.127197324661861 ], [ 146.811695194322255, -16.204067067330303 ], [ 146.848022971046532, -16.284717836034453 ], [ 146.876208341821155, -16.368394812094319 ], [ 146.895971191150409, -16.454313928923149 ], [ 146.907108797333166, -16.541669114558907 ], [ 146.909498358088456, -16.629639772743577 ], [ 146.909490838556565, -16.629969811946854 ], [ 146.906805971024625, -16.667167865588358 ], [ 146.908116591850671, -16.675711009518366 ], [ 146.908252962218626, -16.678599123043227 ], [ 146.912196597249334, -16.690616176376579 ], [ 146.930838188131418, -16.773469939170329 ], [ 146.938087287521597, -16.831047162684207 ], [ 146.945227809779624, -16.844179060499691 ], [ 146.954756039594997, -16.866933648892619 ], [ 146.964631290570566, -16.887240267226879 ], [ 146.964681994452064, -16.887360053790573 ], [ 146.973444258128694, -16.911532757224375 ], [ 146.980263754556063, -16.927797263404194 ], [ 146.985016602142338, -16.943439745935699 ], [ 146.996616045573433, -16.97540096099765 ], [ 147.004805299548281, -17.00851597912898 ], [ 147.006580012784013, -17.014348133239224 ], [ 147.007822154585796, -17.02070988750339 ], [ 147.019064759001964, -17.066126115855869 ], [ 147.031770217163029, -17.158576896331621 ], [ 147.034576100807385, -17.251775070789598 ], [ 147.03170304395681, -17.289169557235553 ], [ 147.04984738746279, -17.32538633809466 ], [ 147.081618647772729, -17.408720078403906 ], [ 147.081894269397594, -17.40956885781414 ], [ 147.104709031234336, -17.493795039511124 ], [ 147.11903367451103, -17.579719373773358 ], [ 147.124718191276514, -17.666548743879982 ], [ 147.123387966938282, -17.704775311441214 ], [ 147.128500201691537, -17.712497387746186 ], [ 147.169760257038007, -17.790534498054502 ], [ 147.2030105600615, -17.872006164667553 ], [ 147.227925882358818, -17.956153455313213 ], [ 147.230115531654604, -17.96769769355625 ], [ 147.254417818316796, -17.994901821201719 ], [ 147.289499928228309, -18.043482476714502 ], [ 147.306835559699692, -18.056291851385311 ], [ 147.379121201279588, -18.122418691469658 ], [ 147.381572977644169, -18.124909957884384 ], [ 147.410546850965517, -18.157207056189513 ], [ 147.444342156825314, -18.191808629775966 ], [ 147.500780647666744, -18.26227298544919 ], [ 147.549765923777983, -18.337649251422434 ], [ 147.590816586825639, -18.417216024944995 ], [ 147.592793417914038, -18.42223608350124 ], [ 147.640998501463741, -18.432098320481543 ], [ 147.734573288686505, -18.46112629885155 ], [ 147.737078426489774, -18.462041800846141 ], [ 147.80439697301793, -18.489504177238413 ], [ 147.837007950082068, -18.505731490390442 ], [ 147.842142467230332, -18.507817944149402 ], [ 147.851799020263854, -18.513087310540357 ], [ 147.869320882882135, -18.521797758085327 ], [ 147.879974743482563, -18.527601223866107 ], [ 147.8937530308514, -18.53525153788711 ], [ 147.904678018244454, -18.541433533560117 ], [ 147.904450899272405, -18.541796795380531 ], [ 147.938480850159891, -18.560333009236341 ], [ 147.939955608048734, -18.561248965302418 ], [ 148.047361290492802, -18.638741394566527 ], [ 148.051246432914212, -18.641978544866369 ], [ 148.11561592761052, -18.70087852799259 ], [ 148.117867435734041, -18.703140318164795 ], [ 148.171840216775138, -18.762256121306585 ], [ 148.180053166971135, -18.772073836682988 ], [ 148.218810412096843, -18.821780283839601 ], [ 148.222608583383618, -18.827014576687088 ], [ 148.226576472264384, -18.832638807307386 ], [ 148.297223352953949, -18.825127383354978 ], [ 148.389129216735029, -18.823771150863962 ], [ 148.480751059834887, -18.830776567158377 ], [ 148.571251123114052, -18.846079156276609 ], [ 148.65980121710092, -18.869538052254534 ], [ 148.660149018986203, -18.869647493044187 ], [ 148.742785774634513, -18.899731315825768 ], [ 148.822160594022051, -18.936915763141204 ], [ 148.897596261022045, -18.980883259537553 ], [ 148.968447037860869, -19.031258051264921 ], [ 148.973567875036338, -19.03526139502906 ], [ 149.034227682755159, -19.086935938044999 ], [ 149.034807596745878, -19.08747386391957 ], [ 149.097069319994432, -19.151009409996632 ], [ 149.105788492710388, -19.161818210963819 ], [ 149.188593693525519, -19.184116006137447 ], [ 149.18991534264137, -19.184533836581139 ], [ 149.193858949198386, -19.185979789818159 ], [ 149.279715734112756, -19.209669303705422 ], [ 149.367229162769576, -19.242912153384733 ], [ 149.450892664048013, -19.284098858179629 ], [ 149.529899767939838, -19.332832309131167 ], [ 149.60348605637185, -19.38864228343779 ], [ 149.670936313048429, -19.450989807164689 ], [ 149.680190444226497, -19.461415095499738 ], [ 149.71389419252634, -19.486736466852928 ], [ 149.752896230021577, -19.523309563822483 ], [ 149.756317313589165, -19.525512151123895 ], [ 149.828992818483243, -19.582984740143004 ], [ 149.895326657868537, -19.646911366294368 ], [ 149.902497572784029, -19.655347761781311 ], [ 149.904295262655694, -19.657064244343658 ], [ 149.964833087185752, -19.727864334864673 ], [ 150.017535225068514, -19.804004152485433 ], [ 150.061855858461854, -19.884714973669031 ], [ 150.097330700362278, -19.969180797802853 ], [ 150.09752436064079, -19.969719842540211 ], [ 150.100901536361761, -19.981072891519293 ], [ 150.175578036387037, -20.024858694589202 ], [ 150.251034012684954, -20.07946445816286 ], [ 150.320403238872387, -20.140762597730514 ], [ 150.383002898462536, -20.208156000120635 ], [ 150.401483499767181, -20.232548740946079 ], [ 150.433991099746578, -20.25033549956774 ], [ 150.509076644229026, -20.301003421088549 ], [ 150.578663432858406, -20.358136729269731 ], [ 150.642109025888288, -20.421212638509374 ], [ 150.643601894607031, -20.422846516346247 ], [ 150.711507568600979, -20.506539083241947 ], [ 150.768568615439449, -20.596999706761519 ], [ 150.772214434719274, -20.603632237570149 ], [ 150.802870953040326, -20.66495496992211 ], [ 150.818526602680123, -20.703607824480102 ], [ 150.854772981460826, -20.724146423963347 ], [ 150.930629180312138, -20.777211382750277 ], [ 151.000583785449891, -20.836896434511022 ], [ 151.063962904702578, -20.902632453651478 ], [ 151.120152130371878, -20.973791892700707 ], [ 151.121740893819521, -20.976024615755982 ], [ 151.170576597663825, -21.052600601871966 ], [ 151.21104916034875, -21.133256442444267 ], [ 151.233570327818768, -21.192915897719736 ], [ 151.256663446933629, -21.206539691217777 ], [ 151.331866685942401, -21.261179900942686 ], [ 151.400956533731971, -21.32236017569398 ], [ 151.463262292648182, -21.389493403901231 ], [ 151.478693876092819, -21.409862945270397 ], [ 151.483762494448655, -21.415525011879353 ], [ 151.49584998338662, -21.431947573203381 ], [ 151.520012738842496, -21.462709392792796 ], [ 151.529098328575316, -21.477088634587915 ], [ 151.535046856468853, -21.485160042437986 ], [ 151.5493410502892, -21.509109553050045 ], [ 151.568740133511, -21.539775162173033 ], [ 151.574025547519369, -21.550438946843968 ], [ 151.579082683685357, -21.55890164577459 ], [ 151.595442154481873, -21.593624958642039 ], [ 151.608978471356579, -21.620900855939936 ], [ 151.60915107594974, -21.621299961139208 ], [ 151.611592975673375, -21.627881365289813 ], [ 151.615472016238499, -21.636105380110564 ], [ 151.633559161370613, -21.687046205122485 ], [ 151.640499782158145, -21.705726077642449 ], [ 151.641264130575962, -21.708731089040388 ], [ 151.643881583368398, -21.716095553324994 ], [ 151.66404616397881, -21.798171000633175 ], [ 151.675771430416148, -21.881611115875685 ], [ 151.675826538875612, -21.882230820178574 ], [ 151.677989461900836, -21.962179711388814 ], [ 151.678259531343883, -21.970163668692521 ], [ 151.678219958902758, -21.970692604454097 ], [ 151.678572124767328, -21.983696447531234 ], [ 151.673103170801255, -22.040218898655421 ], [ 151.700318679861624, -22.066094158663276 ], [ 151.758357077672429, -22.132930171838691 ], [ 151.80924773437772, -22.20450211720464 ], [ 151.852519964936334, -22.280165600198121 ], [ 151.857614743640482, -22.29160223737253 ], [ 151.880095115660879, -22.290053669896519 ], [ 151.97922086774048, -22.292385906349878 ], [ 152.077595440189299, -22.303811071100505 ], [ 152.1742315965015, -22.324214060607837 ], [ 152.174728211743314, -22.324343262990585 ], [ 152.261816151655978, -22.35106378578498 ], [ 152.345828956614383, -22.385075759770114 ], [ 152.42603961822789, -22.426084946558941 ], [ 152.501751865713118, -22.473736312563609 ], [ 152.572305954286151, -22.527616957789771 ], [ 152.572685640303291, -22.527935449727202 ], [ 152.642803264039969, -22.593017829946859 ], [ 152.705368841364674, -22.664238881428336 ], [ 152.759726793315878, -22.740866993261299 ], [ 152.805302279561801, -22.822113821109369 ], [ 152.84160755260902, -22.907142140658525 ], [ 152.850182137460649, -22.935460974949095 ], [ 152.894712588408197, -22.98606700381632 ], [ 152.948410959119343, -23.061397588814483 ], [ 152.993590364048259, -23.141210812596512 ], [ 152.994127084145873, -23.142287914476466 ], [ 152.99968304914924, -23.154996411994585 ], [ 153.064236100800173, -23.205601103178012 ], [ 153.12969745711959, -23.26772757505567 ], [ 153.188346736017309, -23.335227589248465 ], [ 153.239638009683773, -23.407485804382052 ], [ 153.240514915095304, -23.408861239785566 ], [ 153.284755926701735, -23.486786114255626 ], [ 153.320402581215149, -23.568234038233545 ], [ 153.347096975725094, -23.652428744974316 ], [ 153.351664865568267, -23.674967792720754 ], [ 153.36052215497088, -23.702399167430283 ], [ 153.378870058470028, -23.79319883983559 ], [ 153.379103777441571, -23.794827473567157 ], [ 153.380497493025189, -23.810483349117661 ], [ 153.419495581796497, -23.8142873580335 ], [ 153.51151253055454, -23.831270292498953 ], [ 153.601369260520499, -23.855960858818364 ], [ 153.688275975630177, -23.888141837081903 ], [ 153.689031805693418, -23.888459850722306 ], [ 153.779625448678104, -23.931800561520024 ], [ 153.864839103969359, -23.983271873015951 ], [ 153.943771957322639, -24.042333046795363 ], [ 153.944551338493824, -24.0429797662167 ], [ 154.008082525410202, -24.100673088826586 ], [ 154.06558686844653, -24.163282507806656 ], [ 154.116586304696256, -24.230297776301587 ], [ 154.160653473523411, -24.301171961670338 ], [ 154.197415436776112, -24.375325751823841 ], [ 154.226557042139632, -24.452152043125658 ], [ 154.227099991200191, -24.453828828891723 ], [ 154.25167497831228, -24.548745681144744 ], [ 154.256472658751818, -24.584748237848313 ], [ 154.259461449136182, -24.589818998364688 ], [ 154.261162217814444, -24.593109351792958 ], [ 154.299552160621744, -24.678654454868845 ], [ 154.327916088498768, -24.767267667560777 ], [ 154.345636109561156, -24.856531159851254 ], [ 154.345803915564233, -24.857201223819999 ], [ 154.345888883660109, -24.857803416115321 ], [ 154.345929932024603, -24.85801001685892 ], [ 154.34594595039124, -24.85820785997613 ], [ 154.357623819469779, -24.940907553896043 ], [ 154.360532684940267, -25.025228712498315 ], [ 154.360505539637785, -25.026688924974238 ], [ 154.354585122107437, -25.109849422964629 ], [ 154.339957321809663, -25.192149398462394 ], [ 154.338759851617738, -25.197306971020286 ], [ 154.324112458855126, -25.25169022191497 ], [ 154.322211056735966, -25.257882019469459 ], [ 154.307077989231885, -25.302512557110685 ], [ 154.304411341113735, -25.309688812538067 ], [ 154.280513438760835, -25.367233522679808 ], [ 154.278483311208362, -25.371645567237291 ], [ 154.262474878805676, -25.404522135869691 ], [ 154.260489280578355, -25.408383705725207 ], [ 154.25351542462883, -25.421254205593442 ], [ 154.250212326053543, -25.428428984761968 ], [ 154.249776845291137, -25.429293627626425 ], [ 154.241422599299028, -25.448109546076466 ], [ 154.236193387375636, -25.459134136970757 ], [ 154.233752498683316, -25.464341663161523 ], [ 154.232693902074175, -25.466742349859206 ], [ 154.227335858060229, -25.478823963351278 ], [ 154.220361613612738, -25.49465441192034 ], [ 154.210149655759295, -25.516934312711445 ], [ 154.205662723116916, -25.526354447368707 ], [ 154.202849852471672, -25.532494887051445 ], [ 154.197833231516086, -25.543216541659458 ], [ 154.194492626925722, -25.550454189536833 ], [ 154.179371960199575, -25.580983813034578 ], [ 154.17628665978242, -25.587661750777489 ], [ 154.173990950520761, -25.593767097808776 ], [ 154.168029036177899, -25.606712766087941 ], [ 154.159464955510458, -25.624735588898378 ], [ 154.15086022491721, -25.642296597509883 ], [ 154.150845386055352, -25.642325338667227 ], [ 154.150582200923338, -25.643041265447273 ], [ 154.148434974174734, -25.647853219593287 ], [ 154.153867972075233, -25.660730758704716 ], [ 154.178417678034066, -25.741006371619996 ], [ 154.194436110278787, -25.822949416164061 ], [ 154.201765901437511, -25.905850428172783 ], [ 154.201806009879419, -25.906980199221397 ], [ 154.199035337635792, -26.006562097236436 ], [ 154.198743639298556, -26.009754092081916 ], [ 154.187356459123549, -26.089353052286512 ], [ 154.167877937608267, -26.167722202790561 ], [ 154.140449819222027, -26.24422436065413 ], [ 154.126037268330123, -26.274567245284672 ], [ 154.133425719769093, -26.350443956238472 ], [ 154.133364837627681, -26.354326068093716 ], [ 154.167907179743054, -26.380414102018129 ], [ 154.232558391448265, -26.439021911417463 ], [ 154.290906349173611, -26.502553626695519 ], [ 154.342458228527505, -26.570484420606505 ], [ 154.342649632245354, -26.57076331803815 ], [ 154.394803673904647, -26.657058860998514 ], [ 154.435953332352483, -26.74782448333594 ], [ 154.465581809142492, -26.841980283712246 ], [ 154.483306317194319, -26.938403408415034 ], [ 154.483479262089077, -26.939842285824195 ], [ 154.488828289090065, -27.013702927859676 ], [ 154.488352752561212, -27.034687941071713 ], [ 154.50713708151693, -27.07137941770247 ], [ 154.5394884136916, -27.156621706838138 ], [ 154.56189176709492, -27.24426747266358 ], [ 154.574097294364776, -27.333432021876241 ], [ 154.575956897411601, -27.423213256195357 ], [ 154.567426702131684, -27.512700698519993 ], [ 154.564685897913506, -27.525540594615833 ], [ 154.557750295836456, -27.580291305400635 ], [ 154.537556736043996, -27.664241668351696 ], [ 154.508132556346709, -27.746111557092046 ], [ 154.490702612083822, -27.781996664179136 ], [ 154.495866692057035, -27.789714589491471 ], [ 154.538358710626255, -27.870902352004087 ], [ 154.571340783518679, -27.955357816251915 ], [ 154.571781934987484, -27.95670486614771 ], [ 154.594625463455827, -28.042238841441801 ], [ 154.607667407737182, -28.129303070190801 ], [ 154.608907437093734, -28.164524082513616 ], [ 154.615753323690967, -28.232752975935437 ], [ 154.613517599231898, -28.327923973626529 ], [ 154.613201803139418, -28.331616324864459 ], [ 154.612476049763842, -28.336761561045144 ], [ 154.638549896030952, -28.407077064301625 ], [ 154.6601183223367, -28.494522925969239 ], [ 154.671446232822149, -28.583392907323038 ], [ 154.671677678979364, -28.586751365302288 ], [ 154.673463649494181, -28.632378537635933 ], [ 154.673470799588841, -28.633138512020878 ], [ 154.669044743926491, -28.722993448458951 ], [ 154.654104489888567, -28.812008394933009 ], [ 154.652901177060443, -28.817277038972822 ], [ 154.645355820406621, -28.843302465730932 ], [ 154.644103172227346, -28.849407934392612 ], [ 154.644224122672824, -28.852585240156863 ], [ 154.641070392345284, -28.886587169240329 ], [ 154.640074617838877, -28.915071502185707 ], [ 154.635571731977194, -28.945821353410235 ], [ 154.6349716737937, -28.952281656086345 ], [ 154.63283487897138, -28.965717390690575 ], [ 154.632659911630952, -28.965696870283509 ], [ 154.627757840807988, -28.999141369824589 ], [ 154.60617376925029, -29.081827432470391 ], [ 154.585179585254792, -29.136968649258151 ], [ 154.585099627258302, -29.137216170950715 ], [ 154.58498511220472, -29.137479165063269 ], [ 154.5754976963741, -29.162378846854477 ], [ 154.565992256048162, -29.181079669991117 ], [ 154.553404884269298, -29.209955555428785 ], [ 154.514398819509239, -29.280048411596386 ], [ 154.505187012312888, -29.294887724445754 ], [ 154.467987866134735, -29.348013045122649 ], [ 154.449625274481804, -29.408789075154107 ], [ 154.412939355252007, -29.493450165930131 ], [ 154.40993969957276, -29.539077871607809 ], [ 154.405175599403208, -29.564543914456141 ], [ 154.405022631856156, -29.567835844385936 ], [ 154.401912867987591, -29.586267796747382 ], [ 154.398294611105598, -29.631555427535801 ], [ 154.391404562170948, -29.667295592736444 ], [ 154.410593511025212, -29.722183129114207 ], [ 154.430375060015848, -29.810026300154458 ], [ 154.430714315157218, -29.812083862298159 ], [ 154.439777648742108, -29.894825101560837 ], [ 154.439767970744043, -29.977930413162259 ], [ 154.430664607987666, -30.06067857044723 ], [ 154.412526125087624, -30.142349682438262 ], [ 154.385490530065141, -30.222231483660902 ], [ 154.385294482729961, -30.222722891233953 ], [ 154.348077562755435, -30.302954871868526 ], [ 154.30184991443528, -30.379753048641994 ], [ 154.298644444877795, -30.384003491921305 ], [ 154.277941842803784, -30.457581846928715 ], [ 154.245525299979363, -30.537893762859255 ], [ 154.204194935389324, -30.615227250979178 ], [ 154.154309839176818, -30.688874956744723 ], [ 154.123892393925161, -30.725224958324652 ], [ 154.124924062798527, -30.728528473087355 ], [ 154.141266811525384, -30.812697398696404 ], [ 154.148047470316214, -30.897807290071707 ], [ 154.146556144687423, -30.942197834099289 ], [ 154.146752748505435, -30.956572651111454 ], [ 154.145716238761025, -30.967183104072923 ], [ 154.145181571010625, -30.983082532326918 ], [ 154.142168120170567, -31.003489172917511 ], [ 154.138595599618128, -31.040021501041782 ], [ 154.135270788518426, -31.055776612535595 ], [ 154.135244360019271, -31.056028324990752 ], [ 154.134940762137717, -31.057760711860826 ], [ 154.133955744204172, -31.062006924255471 ], [ 154.121187392000138, -31.12246385651607 ], [ 154.118705102215642, -31.130021306750706 ], [ 154.117254617878928, -31.153204076750946 ], [ 154.116087535529601, -31.161823404883215 ], [ 154.097384276415625, -31.25538017892109 ], [ 154.066957544695612, -31.346741391202993 ], [ 154.064376091083346, -31.352183731775746 ], [ 154.064307097533259, -31.352397565272408 ], [ 154.032929354661121, -31.424446545545873 ], [ 154.032308718637182, -31.425701047220077 ], [ 154.027059452184545, -31.435056481192824 ], [ 154.017435752660333, -31.489523339868008 ], [ 153.995393685138822, -31.565224598994714 ], [ 153.981776064604674, -31.64603909051112 ], [ 153.981103370407453, -31.648964402655835 ], [ 153.956387939188005, -31.733826456744229 ], [ 153.921864911004661, -31.816259256701368 ], [ 153.877844862886036, -31.895467490676857 ], [ 153.863005250442995, -31.91649504343912 ], [ 153.857854432226446, -31.931620152091313 ], [ 153.821023462456679, -32.010473209088694 ], [ 153.806307264115986, -32.034854918537803 ], [ 153.79871239889971, -32.054138090548825 ], [ 153.777284276761549, -32.09452824378485 ], [ 153.770044628289838, -32.117881848282103 ], [ 153.76948706919049, -32.119346139232086 ], [ 153.735270513562284, -32.196625935189495 ], [ 153.69263111883933, -32.270940729225579 ], [ 153.641917906171727, -32.341651376916182 ], [ 153.628204239639558, -32.357284295448103 ], [ 153.618959336100147, -32.395748209467982 ], [ 153.617796845126577, -32.417402995221636 ], [ 153.609467567096999, -32.469125620426588 ], [ 153.606352329145125, -32.533802816539144 ], [ 153.606148975783526, -32.535484528262145 ], [ 153.590603796313871, -32.621638984063836 ], [ 153.565037692313354, -32.706132641681783 ], [ 153.529671114107117, -32.788158521568036 ], [ 153.484820126194506, -32.866931034472145 ], [ 153.430894165809747, -32.94169370803634 ], [ 153.368392789793916, -33.011726708661975 ], [ 153.297901414595032, -33.076354074713102 ], [ 153.220086069418642, -33.134950577111752 ], [ 153.217156066344614, -33.136757282327054 ], [ 153.190089121126618, -33.169613010051059 ], [ 153.117806040274246, -33.240284164940675 ], [ 153.072652416605195, -33.276099694613528 ], [ 153.033280882334168, -33.319985725777137 ], [ 152.960592424725235, -33.385992137915203 ], [ 152.88023615659219, -33.445639726234312 ], [ 152.879514491844702, -33.446123476720167 ], [ 152.799487469236425, -33.494868170456535 ], [ 152.714327018586687, -33.5372936370904 ], [ 152.703371944651508, -33.541668966948308 ], [ 152.639899458430165, -33.574195535070679 ], [ 152.595009654114961, -33.592808390209505 ], [ 152.577680025174089, -33.622934765896893 ], [ 152.57706599885347, -33.62378477107054 ], [ 152.547360573894139, -33.680316693648436 ], [ 152.547162856086203, -33.680648188953114 ], [ 152.500685838108382, -33.750501043645727 ], [ 152.465222533498888, -33.794062163051791 ], [ 152.465272175329062, -33.79408933584422 ], [ 152.465013689811514, -33.79441115003025 ], [ 152.464199505241595, -33.795318194444192 ], [ 152.462033502889312, -33.797977411008702 ], [ 152.41976370174774, -33.881596377227453 ], [ 152.417974888284931, -33.884630032847987 ], [ 152.39344998241927, -33.923734141650471 ], [ 152.392667296293837, -33.924909961890378 ], [ 152.381423284178595, -33.939999730889056 ], [ 152.363864242225418, -34.017835921504123 ], [ 152.357552521275778, -34.035914830646732 ], [ 152.345504441012082, -34.092388489399355 ], [ 152.338847178343912, -34.112264293195913 ], [ 152.33297450332995, -34.14459804591759 ], [ 152.309078365679625, -34.224762222227568 ], [ 152.3089418010793, -34.225143357451209 ], [ 152.269418474697545, -34.316743885060227 ], [ 152.264411596997519, -34.325275629721013 ], [ 152.253174537072965, -34.351087573262468 ], [ 152.203103267243819, -34.436381752217827 ], [ 152.172637632794164, -34.476712134488274 ], [ 152.159533553659742, -34.4968513151873 ], [ 152.157082160888564, -34.500189432226769 ], [ 152.131354040334543, -34.533530905323062 ], [ 152.127516484751879, -34.538268473914457 ], [ 152.057981348893293, -34.614862588479539 ], [ 152.053095152592732, -34.619191439303847 ], [ 152.034636680592314, -34.64234663649313 ], [ 152.011489326994763, -34.666253076293991 ], [ 152.00057494288933, -34.712342891974252 ], [ 151.969325102056985, -34.797775534425021 ], [ 151.9685585984613, -34.799300308330942 ], [ 151.951242404490927, -34.857424841742215 ], [ 151.936680200973683, -34.89154675245566 ], [ 151.946174582543904, -34.965851504778499 ], [ 151.947225568037538, -35.050401444155995 ], [ 151.938552428581374, -35.134675366837435 ], [ 151.930066079721314, -35.173204026956157 ], [ 151.92422072011064, -35.21485832747166 ], [ 151.922182609213877, -35.224056497386627 ], [ 151.883108333719576, -35.348613589207069 ], [ 151.882188173128583, -35.350861418044673 ], [ 151.860881936247722, -35.398394487746337 ], [ 151.859554196406151, -35.401115534210547 ], [ 151.854574905968519, -35.410302449466023 ], [ 151.852317593451716, -35.415572441598393 ], [ 151.838451436097245, -35.440039962884363 ], [ 151.826148184165049, -35.462720633121599 ], [ 151.821217099888997, -35.470960256989997 ], [ 151.820974183088623, -35.470863555313016 ], [ 151.807508816883541, -35.494599553727021 ], [ 151.753470729332946, -35.569722890603259 ], [ 151.717129064532656, -35.610552991213204 ], [ 151.662364208773766, -35.68254655364219 ], [ 151.595375112148901, -35.753593617872035 ], [ 151.593828282494457, -35.755074160244078 ], [ 151.508452558924034, -35.828021720600447 ], [ 151.443052294883529, -35.87258376858459 ], [ 151.422891221731504, -35.91310774175448 ], [ 151.37260453565915, -35.991143448102981 ], [ 151.316984026786798, -36.060007015005759 ], [ 151.331614285181018, -36.122821403261412 ], [ 151.341301098235903, -36.209578416770981 ], [ 151.341616040261101, -36.215645821775276 ], [ 151.34149797867056, -36.293761885127985 ], [ 151.333037860002065, -36.371594277466869 ], [ 151.331543587302775, -36.380768364782334 ], [ 151.31320476406961, -36.463419460547932 ], [ 151.285422743416291, -36.544347095390364 ], [ 151.248417993188411, -36.622844129915975 ], [ 151.202493403110452, -36.698222550704692 ], [ 151.152719637302908, -36.76366150466675 ], [ 151.135597812102844, -36.818286811199293 ], [ 151.127308153120197, -36.837403531057333 ], [ 151.11876789198439, -36.863480333173541 ], [ 151.092534690849703, -36.919028412995949 ], [ 151.096845819024225, -36.935346466337627 ], [ 151.099260297590234, -36.943454698211404 ], [ 151.099815222118508, -36.944882831266959 ], [ 151.101837906349544, -36.948761988273617 ], [ 151.102769643734206, -36.951209688126248 ], [ 151.120686889159771, -36.989532879556165 ], [ 151.150011200820359, -37.078933602079367 ], [ 151.167901715142506, -37.170308530903768 ], [ 151.168010615669402, -37.171137543529838 ], [ 151.174228972624633, -37.260150192175537 ], [ 151.169543963265767, -37.349250461857871 ], [ 151.153972942150602, -37.437571917527791 ], [ 151.12763992287293, -37.524252696905322 ], [ 151.096136078937633, -37.596208929710542 ], [ 151.089643517656242, -37.647039136074604 ], [ 151.064366234072565, -37.742327389058708 ], [ 151.064123285233791, -37.743049678396822 ], [ 151.031308748548241, -37.824903407916054 ], [ 151.030876841086553, -37.825827338881325 ], [ 151.001549444868743, -37.88260380538788 ], [ 151.000780089188851, -37.883960601075962 ], [ 150.9485875522561, -37.964885010727016 ], [ 150.886448551656429, -38.041196891651502 ], [ 150.863023008932572, -38.064452259902936 ], [ 150.819732414167703, -38.115751211989938 ], [ 150.750103275110348, -38.183130416591773 ], [ 150.672609502849099, -38.244802874551624 ], [ 150.587971240651939, -38.300180640393904 ], [ 150.496980246009826, -38.348734484663723 ], [ 150.40049235114239, -38.389999378151387 ], [ 150.399878539599285, -38.390231920834466 ], [ 150.37406933075701, -38.398791855013719 ], [ 150.357030473643846, -38.410193890608952 ], [ 150.264129403627578, -38.460724284567362 ], [ 150.258459942344274, -38.46318848826045 ], [ 150.256793374074391, -38.464086725161835 ], [ 150.238106306066413, -38.472132621351413 ], [ 150.215297007337938, -38.485450750922219 ], [ 150.214081825069371, -38.486087231926994 ], [ 150.118054954983734, -38.531124274995022 ], [ 150.102133863629405, -38.536993160372091 ], [ 150.076011942200211, -38.551254227999742 ], [ 149.975780208179799, -38.594842726561403 ], [ 149.870512535366373, -38.630119978530651 ], [ 149.761290262118791, -38.656718537734555 ], [ 149.649238548992685, -38.674360988282139 ], [ 149.647402834746146, -38.674573554892028 ], [ 149.556321193176132, -38.681725047853917 ], [ 149.488652588657658, -38.69494473438882 ], [ 149.378364389951116, -38.707473583015862 ], [ 149.267058276940361, -38.711256499368723 ], [ 149.155828158629987, -38.706255908278912 ], [ 149.045767138545926, -38.692521478604689 ], [ 149.025762286418569, -38.688383774803874 ], [ 149.025184068995344, -38.688443087793388 ], [ 148.98207917538096, -38.698295281024919 ], [ 148.863878561078565, -38.714757337538508 ], [ 148.744144683224533, -38.72110421049819 ], [ 148.743176127969747, -38.72111433419014 ], [ 148.633462832003062, -38.717996315951545 ], [ 148.596448759053658, -38.714053555325194 ], [ 148.545606702561969, -38.71288687294998 ], [ 148.519884293048818, -38.710543259908675 ], [ 148.515340084625592, -38.71047757915391 ], [ 148.511734978263831, -38.710420819143813 ], [ 148.491587106013725, -38.710076616046834 ], [ 148.491596347838879, -38.7097327427932 ], [ 148.485896782664611, -38.709816669601018 ], [ 148.425905846407261, -38.727522462771098 ], [ 148.419326688560886, -38.729272794289258 ], [ 148.386915385116282, -38.73654186707617 ], [ 148.350264545085452, -38.747451539694438 ], [ 148.338368533311325, -38.755190284637003 ], [ 148.335665501450507, -38.757210798075114 ], [ 148.331557349200523, -38.759986941610308 ], [ 148.32234218977365, -38.765942409023104 ], [ 148.321682264533706, -38.766413697372421 ], [ 148.41205738609338, -38.789836284314042 ], [ 148.412831854790682, -38.790073441108206 ], [ 148.52504813664163, -38.830049234739867 ], [ 148.631320710443788, -38.879372734908735 ], [ 148.634895547607812, -38.881242650083465 ], [ 148.733913229575307, -38.939292737225294 ], [ 148.824648740982013, -39.005464851635196 ], [ 148.906053172618499, -39.079012843894745 ], [ 148.911963447704466, -39.084965406911678 ], [ 148.969142701402689, -39.147844578301537 ], [ 148.999094827886779, -39.187457557112928 ], [ 149.024739625042827, -39.200348688740576 ], [ 149.112157357995869, -39.254288543566446 ], [ 149.192725241538369, -39.31466796753682 ], [ 149.265692832629981, -39.380938941800984 ], [ 149.330375371990215, -39.452498422209295 ], [ 149.386160282823624, -39.528693401238179 ], [ 149.432513184377854, -39.608826451153547 ], [ 149.468983355571936, -39.692161716460994 ], [ 149.495208582503778, -39.777931318845049 ], [ 149.498117025420413, -39.794122116486875 ], [ 149.498315461148962, -39.794792085853807 ], [ 149.500672083493242, -39.808342336253105 ], [ 149.510919323199261, -39.86534213260628 ], [ 149.511078796480831, -39.868145591773654 ], [ 149.513079256949311, -39.879635121111697 ], [ 149.517783092299339, -39.96523502572574 ], [ 149.515574166636156, -40.000118878962489 ], [ 149.568602328061502, -40.088462338238514 ], [ 149.570047023166126, -40.091248336049894 ], [ 149.608974654964982, -40.178594187539154 ], [ 149.636613369118351, -40.268642470491081 ], [ 149.65265130457783, -40.360479463132279 ], [ 149.656892969820774, -40.453169630772209 ], [ 149.649262503318198, -40.54576495229567 ], [ 149.629805770584824, -40.637314524096134 ], [ 149.598691222918092, -40.726874350974967 ], [ 149.556209454154299, -40.813517225258302 ], [ 149.555805386949629, -40.814231189530986 ], [ 149.505021366918271, -40.892911506216834 ], [ 149.513023157950641, -40.962859457597212 ], [ 149.511296525335155, -41.058643445984607 ], [ 149.504201697643168, -41.10562313160078 ], [ 149.517205825382064, -41.164253731776093 ], [ 149.517560973663166, -41.166470018966749 ], [ 149.522444807493059, -41.202694502337181 ], [ 149.522757624047529, -41.205551274515386 ], [ 149.526861478729131, -41.266745554399314 ], [ 149.526880292424863, -41.267505396822649 ], [ 149.523611982353685, -41.356536268467821 ], [ 149.51304596477641, -41.42234111849254 ], [ 149.511313617429408, -41.448154308800582 ], [ 149.494299475309191, -41.536698981023633 ], [ 149.48905934733034, -41.553022238172268 ], [ 149.489839404729622, -41.576809487062278 ], [ 149.491168776504338, -41.603893705095103 ], [ 149.491885255188464, -41.603880474063622 ], [ 149.491901663788411, -41.604430327868144 ], [ 149.491297910177906, -41.621263336789085 ], [ 149.49204402540488, -41.643993074936823 ], [ 149.491642326708899, -41.654158178701927 ], [ 149.490118971884357, -41.654120928968368 ], [ 149.488484568649426, -41.699646550441102 ], [ 149.478927158592484, -41.756406452878714 ], [ 149.4837633500685, -41.77429001013455 ], [ 149.496579951111983, -41.864933903735249 ], [ 149.496892423013747, -41.885639708632631 ], [ 149.513043370739751, -41.934810962802494 ], [ 149.530924800105083, -42.026114947590557 ], [ 149.537120854614585, -42.118411407602224 ], [ 149.534674975925185, -42.158888937904081 ], [ 149.535699409022044, -42.171319206013095 ], [ 149.5329258786374, -42.233589119979449 ], [ 149.532820013185642, -42.244306770436644 ], [ 149.532223512331996, -42.249349475862608 ], [ 149.531603584554347, -42.263257042208863 ], [ 149.528337386651231, -42.282193088236887 ], [ 149.527392316219959, -42.290178009978789 ], [ 149.524585181363165, -42.318470779921874 ], [ 149.526072848518993, -42.373374977973839 ], [ 149.516293434841799, -42.46772638679041 ], [ 149.494240125190515, -42.560850148642082 ], [ 149.493988983109091, -42.561672984074107 ], [ 149.461847561855649, -42.648111130225004 ], [ 149.419084018610135, -42.73173112046377 ], [ 149.366079844981329, -42.811731542650136 ], [ 149.32086530086417, -42.866212978416193 ], [ 149.295696310545225, -42.938764754813015 ], [ 149.255929713731831, -43.021323065597556 ], [ 149.239624175144399, -43.047350526687055 ], [ 149.241551554780102, -43.059739829851026 ], [ 149.241821145374956, -43.068149961928498 ], [ 149.242318787142722, -43.071678126476911 ], [ 149.24253139547281, -43.09030215493258 ], [ 149.24441168872778, -43.148914134777748 ], [ 149.243336092569166, -43.160748124842392 ], [ 149.243389841703646, -43.165451048906455 ], [ 149.241295360629465, -43.183195417562331 ], [ 149.236315680521301, -43.2379405620078 ], [ 149.233031441940966, -43.25316411985407 ], [ 149.23235545603859, -43.258884512871681 ], [ 149.228289627207289, -43.275138250260753 ], [ 149.217309047296652, -43.32599735410934 ], [ 149.21093112920795, -43.344489073051591 ], [ 149.209294398351602, -43.351024626610105 ], [ 149.208946219248105, -43.352118663184044 ], [ 149.202887350741435, -43.367803583076267 ], [ 149.18753897547208, -43.412268196960675 ], [ 149.187402328354779, -43.412599745019754 ], [ 149.178131741171029, -43.431852152815182 ], [ 149.174946448403517, -43.440088871806608 ], [ 149.168204458436009, -43.452822452370128 ], [ 149.152751266712784, -43.50263368120509 ], [ 149.152051135304703, -43.504531736374524 ], [ 149.14147095253756, -43.528594113370538 ], [ 149.140229239743491, -43.532240898009476 ], [ 149.135623602732608, -43.541888960098653 ], [ 149.113115963948417, -43.593038939060648 ], [ 149.103000590330367, -43.610188606384114 ], [ 149.099825937763001, -43.616831307499851 ], [ 149.086594241938229, -43.637994135321641 ], [ 149.062924785391402, -43.678087663588549 ], [ 149.062371064603809, -43.678913503318661 ], [ 149.054209576165817, -43.689759942301819 ], [ 149.049048764375527, -43.698005351860893 ], [ 149.025708526655336, -43.727621418418785 ], [ 149.003215504403755, -43.757484376586056 ], [ 148.999073228507257, -43.761925157429836 ], [ 148.998461958490509, -43.762727540700254 ], [ 148.995778013977997, -43.765577406415709 ], [ 148.988354819371182, -43.77498714756701 ], [ 148.951401435815058, -43.813005455319136 ], [ 148.934417617729224, -43.831191677343483 ], [ 148.931687675202625, -43.833583907705794 ], [ 148.929433488611664, -43.83597423184591 ], [ 148.927040226765655, -43.838053394024911 ], [ 148.918299110268919, -43.847037955461381 ], [ 148.864626366726156, -43.892310601549354 ], [ 148.856623346031313, -43.899314019443317 ], [ 148.855762907538576, -43.899933117019017 ], [ 148.851492692257978, -43.90363768945641 ], [ 148.849511141395936, -43.905052014638223 ], [ 148.839529905405925, -43.913463748655509 ], [ 148.839159783146783, -43.913746826564235 ], [ 148.776189323168779, -43.95734932130155 ], [ 148.765374570431362, -43.965057111254289 ], [ 148.76328875080273, -43.966275873768915 ], [ 148.750786016154393, -43.974925144756426 ], [ 148.680482659200862, -44.014622537534692 ], [ 148.671897708152272, -44.019630695824297 ], [ 148.67166672512127, -44.019752229989436 ], [ 148.669977894121303, -44.020549726359704 ], [ 148.655007661234436, -44.028994519587911 ], [ 148.576952408461977, -44.064437921891702 ], [ 148.570894149948515, -44.067293397249671 ], [ 148.569580033425126, -44.067782781189436 ], [ 148.55276499490455, -44.075409988993798 ], [ 148.468856320401898, -44.105251901106101 ], [ 148.464537435066745, -44.106856716610928 ], [ 148.463582921513023, -44.107125538377417 ], [ 148.445067005723104, -44.113702521607713 ], [ 148.3564721864158, -44.137249923953704 ], [ 148.353640708443947, -44.138045149383629 ], [ 148.353002881031927, -44.138170897089928 ], [ 148.332980978380476, -44.143484320474009 ], [ 148.245286840785724, -44.15943241238022 ], [ 148.238618688689513, -44.160771825290631 ], [ 148.236544161642598, -44.161019603019632 ], [ 148.217621294228394, -44.16445324580895 ], [ 148.176105480174328, -44.168683448087805 ], [ 148.172229275819149, -44.171870914092608 ], [ 148.169848530160976, -44.174056540593298 ], [ 148.166729810167453, -44.176392822960878 ], [ 148.134208132768805, -44.203124234133135 ], [ 148.104439659523933, -44.257832227182341 ], [ 148.048163394614107, -44.338238153541567 ], [ 147.9819722576392, -44.413999855021629 ], [ 147.906486660899418, -44.48437465662046 ], [ 147.822421788422702, -44.548670077364086 ], [ 147.730581020729574, -44.606251236819546 ], [ 147.730169529516871, -44.606484178556173 ], [ 147.633090756273333, -44.656024223052846 ], [ 147.530251434372445, -44.698037934458696 ], [ 147.422619473395116, -44.732120419584177 ], [ 147.410250211423204, -44.734991530153827 ], [ 147.397967575705621, -44.738870204548732 ], [ 147.284622586945858, -44.764932039268714 ], [ 147.284152024336493, -44.765002150317912 ], [ 147.261810247651596, -44.770186817995402 ], [ 147.149050576780667, -44.787457778811572 ], [ 147.034665405697353, -44.79625617641242 ], [ 146.919716388877617, -44.79649874840166 ], [ 146.805270851206927, -44.788183198680464 ], [ 146.804443318048953, -44.78809178380336 ], [ 146.687509390796748, -44.7705289204862 ], [ 146.573421041976587, -44.744038797022426 ], [ 146.463311771186085, -44.708890116451535 ], [ 146.38949982028393, -44.678366194315132 ], [ 146.373673168533827, -44.678958433698412 ], [ 146.372996831489161, -44.678958433698412 ], [ 146.257641076145489, -44.674627431523149 ], [ 146.143369018212127, -44.661676369740881 ], [ 146.031253303000284, -44.640229200040359 ], [ 145.922344675940366, -44.610491001421693 ], [ 145.817661390813953, -44.572745747362312 ], [ 145.71817903886938, -44.527353230220164 ], [ 145.624820924897733, -44.474745191372207 ], [ 145.56237843069627, -44.431865811124361 ], [ 145.504917618745139, -44.412632422152491 ], [ 145.401312235720809, -44.368043946678611 ], [ 145.401081092625532, -44.367932483626724 ], [ 145.304723067723558, -44.316213514277955 ], [ 145.215377424233282, -44.257430366423876 ], [ 145.133893394944891, -44.192158367719962 ], [ 145.061039826054127, -44.121034307920624 ], [ 144.997497978971865, -44.044749638539471 ], [ 144.943855393321257, -43.96404318995166 ], [ 144.934502632524982, -43.945813722349428 ], [ 144.916163069207471, -43.925642773896442 ], [ 144.878219547343463, -43.892263535423012 ], [ 144.810773736528802, -43.819982583860224 ], [ 144.752591446253888, -43.743022939325613 ], [ 144.752373883030657, -43.742700642740168 ], [ 144.730652719387933, -43.70624074581783 ], [ 144.728148370308048, -43.704743718001261 ], [ 144.714784149706759, -43.695037757673681 ], [ 144.713804565382446, -43.694436048070486 ], [ 144.709759056812828, -43.691387595429646 ], [ 144.644362931252886, -43.643854011546551 ], [ 144.630340750196893, -43.631496721687768 ], [ 144.626947841605926, -43.628936112074506 ], [ 144.61696644941614, -43.619707319518888 ], [ 144.568528674637605, -43.576984482279563 ], [ 144.554472410015052, -43.56188495148394 ], [ 144.549118637753764, -43.55692815075038 ], [ 144.537420340099743, -43.543561440873262 ], [ 144.501336903807271, -43.504766466247162 ], [ 144.487881241549786, -43.486920565265372 ], [ 144.481105038573361, -43.479168347505663 ], [ 144.469875547723206, -43.463031482233802 ], [ 144.443394197502442, -43.427879416147803 ], [ 144.431167373270512, -43.407374104459613 ], [ 144.42358825155344, -43.39647022514923 ], [ 144.414017328745388, -43.37860085575678 ], [ 144.39966575331087, -43.354512524645635 ], [ 144.383001861503459, -43.33214254711941 ], [ 144.365930140895699, -43.302887011696811 ], [ 144.356854348013059, -43.28901217388546 ], [ 144.35091319035908, -43.277141426444594 ], [ 144.334050695520432, -43.248219175569204 ], [ 144.317853081298949, -43.211045912134907 ], [ 144.313687958297123, -43.20271400065036 ], [ 144.311215031360092, -43.195805684897429 ], [ 144.296336687130179, -43.161633941763398 ], [ 144.279119743433682, -43.141518116577238 ], [ 144.273907371373213, -43.135979688534505 ], [ 144.27029313710301, -43.131202453293625 ], [ 144.252321362774211, -43.110192767009835 ], [ 144.232803305865673, -43.081625528898371 ], [ 144.213331218450179, -43.055858519645021 ], [ 144.20112140972023, -43.03522569249229 ], [ 144.197099398809399, -43.029332650851977 ], [ 144.192655174400016, -43.020914939596445 ], [ 144.163394735867485, -42.971429624452121 ], [ 144.143914697811681, -42.927346005030337 ], [ 144.141503002909104, -42.922569079136821 ], [ 144.139882830268249, -42.918218134829864 ], [ 144.124576750384563, -42.883554673943379 ], [ 144.114146080616138, -42.849064748636401 ], [ 144.110774486630675, -42.840000161778427 ], [ 144.107986751361921, -42.828690219773939 ], [ 144.097240122453371, -42.793126755335408 ], [ 144.09284970836228, -42.767246420607535 ], [ 144.089981986514573, -42.755599704576596 ], [ 144.089850123284577, -42.754888155957566 ], [ 144.087448473100437, -42.735394445046808 ], [ 144.086481757798765, -42.729692036770516 ], [ 144.086006769356004, -42.727415709449659 ], [ 144.085926772086736, -42.726418106996704 ], [ 144.081629190122015, -42.701060950094778 ], [ 144.080847579238593, -42.681788498700733 ], [ 144.078962731211277, -42.666474122011586 ], [ 144.078960640157902, -42.660286810788733 ], [ 144.074649988200292, -42.639877850825734 ], [ 144.07064291479378, -42.632501633965823 ], [ 144.070231213164277, -42.631627182448455 ], [ 144.03719683898521, -42.549978526539846 ], [ 144.013968556897794, -42.466325983320424 ], [ 144.000721161308093, -42.381390206281509 ], [ 143.998531382592432, -42.322503089884535 ], [ 143.998399117876289, -42.320745602468286 ], [ 143.995406983550595, -42.301022505484241 ], [ 143.993097525231661, -42.288564327284867 ], [ 143.99282385338887, -42.283990902666801 ], [ 143.99216856903027, -42.279669686530312 ], [ 143.939962088162872, -42.224447460864319 ], [ 143.872453562493064, -42.132535156004657 ], [ 143.86879778369871, -42.126818420043236 ], [ 143.821092996510458, -42.041742429023614 ], [ 143.784584768162091, -41.953368069781789 ], [ 143.781271918423982, -41.943712228086753 ], [ 143.731794394691889, -41.883064222836047 ], [ 143.679558979947416, -41.802577675637167 ], [ 143.637661620875747, -41.71848862995342 ], [ 143.606481468635707, -41.631615013558388 ], [ 143.606114881087677, -41.630361001784308 ], [ 143.589626195720314, -41.558945186046138 ], [ 143.565814631830563, -41.503886506109239 ], [ 143.563507749699369, -41.497661896153026 ], [ 143.536570525806695, -41.408715183064544 ], [ 143.527213554917267, -41.354295226936344 ], [ 143.496738218462525, -41.28923841763995 ], [ 143.468332432393794, -41.204351452161731 ], [ 143.45035778083772, -41.117752931944317 ], [ 143.445212242320139, -41.056961376081937 ], [ 143.380443031716823, -40.992968998964379 ], [ 143.353382616197337, -40.959571811053962 ], [ 143.338852766734988, -40.953571685631019 ], [ 143.24176386480471, -40.903096096646692 ], [ 143.151641966126562, -40.845190981519572 ], [ 143.069392635955126, -40.780452426557112 ], [ 143.021436811512928, -40.734235737930902 ], [ 143.008063774752458, -40.723150436237205 ], [ 143.007684438930312, -40.722807411561547 ], [ 143.001557041547215, -40.716687143649658 ], [ 142.988242894432688, -40.705141612543699 ], [ 142.966765525533276, -40.682414329897846 ], [ 142.965930073547753, -40.681635782766435 ], [ 142.964551926272094, -40.680071305278844 ], [ 142.958379344770947, -40.673537229961461 ], [ 142.937376050903083, -40.652533215310626 ], [ 142.930156238216114, -40.643650114683339 ], [ 142.920632768560495, -40.633561022182981 ], [ 142.899546384211533, -40.605971711375226 ], [ 142.876168934363903, -40.577177618308681 ], [ 142.868504375514675, -40.565330752954779 ], [ 142.862242120959081, -40.557128331723497 ], [ 142.848679700552879, -40.534676932119275 ], [ 142.824634228378216, -40.49747452711307 ], [ 142.817219337988575, -40.482563530469875 ], [ 142.813610788120513, -40.476583047142874 ], [ 142.80608920983596, -40.460174454853792 ], [ 142.783245929325375, -40.414197487903017 ], [ 142.782795973024236, -40.413142945713339 ], [ 142.765509832172796, -40.368966871612315 ], [ 142.764128805427532, -40.365092678102378 ], [ 142.754756840409271, -40.333314916084618 ], [ 142.752744126530303, -40.328166950254904 ], [ 142.75150922687962, -40.323509236651425 ], [ 142.74915932431054, -40.316908588197911 ], [ 142.748217487222689, -40.312760215306604 ], [ 142.747568358534608, -40.310854176078834 ], [ 142.731879197738664, -40.265486656069911 ], [ 142.712547728133273, -40.173905884914284 ], [ 142.707094046389926, -40.106578870619551 ], [ 142.6979709955136, -40.073698253667565 ], [ 142.684524375168593, -39.979411358965024 ], [ 142.68421937443145, -39.975427948771113 ], [ 142.682147447487495, -39.911777450749057 ], [ 142.68214903892482, -39.91163745904246 ], [ 142.68827158601934, -39.835163419610232 ], [ 142.680771975253208, -39.803740639942262 ], [ 142.670747672600214, -39.713665888996033 ], [ 142.67198999530919, -39.623281500197407 ], [ 142.672072161333602, -39.622202284614566 ], [ 142.681030842701489, -39.562885244428827 ], [ 142.658425429244261, -39.553545378899123 ], [ 142.65023257244772, -39.549717639175221 ], [ 142.640165531240172, -39.54558957029591 ], [ 142.537829149757016, -39.491866148492356 ], [ 142.508143210271669, -39.472343410183775 ], [ 142.506844487198833, -39.472063270049759 ], [ 142.503166682989303, -39.471101750671444 ], [ 142.49804683888226, -39.469522205484346 ], [ 142.488043680895117, -39.467013097604024 ], [ 142.476398609774236, -39.463673475797762 ], [ 142.476729663021075, -39.46294338466555 ], [ 142.391135470004826, -39.436492447594638 ], [ 142.284360532218528, -39.392684054976193 ], [ 142.216775723678808, -39.357322113971563 ], [ 142.162059152325668, -39.331072144584162 ], [ 142.154227266142698, -39.32652977727151 ], [ 142.076489780174285, -39.334021437941907 ], [ 141.961690789314957, -39.335801517521972 ], [ 141.847255999589123, -39.328345628346597 ], [ 141.792380546095586, -39.320280066498015 ], [ 141.742129983751056, -39.329068381298818 ], [ 141.735130412896126, -39.330020131611043 ], [ 141.567405303393087, -39.342729933713322 ], [ 141.566789836052294, -39.342740060531021 ], [ 141.457569616063665, -39.340352745534865 ], [ 141.349150156051934, -39.329623248599276 ], [ 141.242543333245095, -39.310652883137067 ], [ 141.138742788731605, -39.283620660286907 ], [ 141.116096206924084, -39.275740134734995 ], [ 141.088622234197999, -39.270361425241006 ], [ 141.085376824253615, -39.269612428878915 ], [ 140.973781691271313, -39.238758569667155 ], [ 140.957427450117706, -39.232660121133442 ], [ 140.884552166569762, -39.208034372132559 ], [ 140.793154001973562, -39.168956240895703 ], [ 140.706650941454285, -39.123404331472464 ], [ 140.704232664649311, -39.122000148728539 ], [ 140.637071184662688, -39.079820934146689 ], [ 140.574110759762164, -39.033741356728221 ], [ 140.57010994797281, -39.030583312155052 ], [ 140.517979838281008, -38.986578905217989 ], [ 140.516472204099358, -38.985217644050813 ], [ 140.489874178703985, -38.958455552896567 ], [ 140.428045736809139, -38.95060821827051 ], [ 140.317002608065025, -38.927121992705743 ], [ 140.209546130549057, -38.894779926925288 ], [ 140.130734372277715, -38.863450952444509 ], [ 140.100328785047424, -38.853552514386131 ], [ 140.000165904526227, -38.811185897732173 ], [ 139.905859908685045, -38.76104110332254 ], [ 139.903742997971108, -38.759788705698227 ], [ 139.834615632861727, -38.714189417607791 ], [ 139.795383099431547, -38.690063477818654 ], [ 139.745334831102014, -38.66473130773506 ], [ 139.658602481692185, -38.610726587177737 ], [ 139.578891955793438, -38.550256683623083 ], [ 139.506948866841782, -38.483901453468178 ], [ 139.477241611861047, -38.450419317883465 ], [ 139.442864312869347, -38.414325313910602 ], [ 139.382929477504319, -38.336024403342442 ], [ 139.352500541975871, -38.285350935528982 ], [ 139.348536333955224, -38.279672154072657 ], [ 139.344454327221598, -38.271943787550128 ], [ 139.333261950180088, -38.253288897297317 ], [ 139.324147003554998, -38.235889300125535 ], [ 139.311517179452352, -38.216388714496986 ], [ 139.304439675449117, -38.210579486883852 ], [ 139.28005520741587, -38.19566471883217 ], [ 139.200071812653846, -38.136084490669141 ], [ 139.199641909237045, -38.135731516472617 ], [ 139.120448668790601, -38.063338915770693 ], [ 139.074593584727978, -38.011090464018793 ], [ 139.038624251629017, -37.974820011185962 ], [ 139.015637099027145, -37.946570732709709 ], [ 138.985895160060721, -37.917563751499515 ], [ 138.957396737485851, -37.883006102410121 ], [ 138.933132813411419, -37.858291577238226 ], [ 138.929490680175292, -37.854173002108155 ], [ 138.91584576945499, -37.838388235344802 ], [ 138.911669509829323, -37.833444979341799 ], [ 138.873972258283999, -37.785656117406631 ], [ 138.86115786521782, -37.768219898954037 ], [ 138.840421609024418, -37.737948815253255 ], [ 138.833289186983194, -37.728574970592021 ], [ 138.833031756256759, -37.728192791676257 ], [ 138.832357908966486, -37.726993601236039 ], [ 138.820915013062887, -37.711744442646584 ], [ 138.815207203345267, -37.702020300958146 ], [ 138.808378867121945, -37.692872791076013 ], [ 138.798292818045724, -37.676101944044269 ], [ 138.782601259903544, -37.657651428081657 ], [ 138.727771221449615, -37.5764315485971 ], [ 138.683595383888274, -37.491153414360362 ], [ 138.650511222310001, -37.402716536630543 ], [ 138.628836765259848, -37.312050513432389 ], [ 138.626072451591654, -37.286820057374477 ], [ 138.593402669152141, -37.208111925449955 ], [ 138.56952423328292, -37.125371708604561 ], [ 138.555405235714261, -37.041211356584988 ], [ 138.551146711227773, -36.956376557059642 ], [ 138.556761988566251, -36.871616508285825 ], [ 138.557462053802226, -36.866002780963349 ], [ 138.572930000657919, -36.781843611880447 ], [ 138.598089236420947, -36.699251917601138 ], [ 138.601282087961067, -36.690550281301796 ], [ 138.605128735699083, -36.681720594497136 ], [ 138.510158967231092, -36.722430864627398 ], [ 138.403028716352679, -36.757344263239652 ], [ 138.291952608578413, -36.783051787903368 ], [ 138.287045625767121, -36.783752816370502 ], [ 138.246064339560263, -36.814641696119139 ], [ 138.245723661964945, -36.814873721787649 ], [ 138.199986146615373, -36.843047125703343 ], [ 138.197775347127219, -36.846348833614243 ], [ 138.132933717362221, -36.923068136758623 ], [ 138.058583347030662, -36.993988455940354 ], [ 137.975504579977809, -37.058343480970322 ], [ 137.884576599978686, -37.115435964493344 ], [ 137.884325669040379, -37.11557730085709 ], [ 137.874468212604256, -37.12057304809985 ], [ 137.846537132074189, -37.138049148923649 ], [ 137.752713915875745, -37.185535720255693 ], [ 137.653460073004027, -37.225273188801545 ], [ 137.653057458470499, -37.225414686257182 ], [ 137.553447964115065, -37.255934460524379 ], [ 137.450647486890404, -37.278640068558879 ], [ 137.345604358502868, -37.293319850239712 ], [ 137.239289209473867, -37.299836857256082 ], [ 137.13268533862265, -37.298130265846609 ], [ 137.026778922273479, -37.288216005334654 ], [ 136.922549186978245, -37.270186593454675 ], [ 136.820958670307306, -37.244210180831587 ], [ 136.72294369242141, -37.210528818279663 ], [ 136.629405156758509, -37.169455971527782 ], [ 136.541199791407024, -37.121373318265334 ], [ 136.459131933830463, -37.06672687179222 ], [ 136.383945950863819, -37.006022483829419 ], [ 136.348677822224772, -36.971509897324424 ], [ 136.261839582891554, -36.934228228499968 ], [ 136.169916775102081, -36.884713508101349 ], [ 136.157727936309641, -36.876630193628827 ], [ 136.075588830839621, -36.83669361015086 ], [ 135.986297675080124, -36.782717434758155 ], [ 135.904200724980569, -36.721786464003955 ], [ 135.902370923574892, -36.720284446889409 ], [ 135.825314885088773, -36.65001541252218 ], [ 135.75780050837858, -36.573638799239049 ], [ 135.722613957115612, -36.523478940169632 ], [ 135.690379298926104, -36.491609322608269 ], [ 135.673152473065358, -36.47084086232362 ], [ 135.661668295090948, -36.460089086863867 ], [ 135.599768478558218, -36.389365669435271 ], [ 135.54661076828171, -36.314152045126406 ], [ 135.502672800773098, -36.235154233574463 ], [ 135.4683431143348, -36.153111578370911 ], [ 135.468265183900655, -36.152890886034136 ], [ 135.444295082236493, -36.07055362373783 ], [ 135.441013665695493, -36.051380856277994 ], [ 135.392266759457897, -36.019785143341679 ], [ 135.32555822937627, -35.968610330971714 ], [ 135.321679167004703, -35.965375348821574 ], [ 135.251851523189004, -35.901263255742222 ], [ 135.189909092182319, -35.832038852553829 ], [ 135.188683467881873, -35.830351864175533 ], [ 135.185141543471758, -35.829280662436972 ], [ 135.086692557198461, -35.790053707722151 ], [ 134.993576103784108, -35.743045861873107 ], [ 134.921183364652194, -35.697783660509913 ], [ 134.867224278041448, -35.706162847403235 ], [ 134.7656790613064, -35.714088996746383 ], [ 134.663664616852117, -35.71429765822085 ], [ 134.562071364636239, -35.706786997361533 ], [ 134.461785768388836, -35.691623035481562 ], [ 134.363682019206351, -35.668939010791817 ], [ 134.362533704423697, -35.668625790798245 ], [ 134.263972965733359, -35.637356498105561 ], [ 134.16960046634162, -35.598502895937457 ], [ 134.080295162231607, -35.552431278785129 ], [ 133.99688542768547, -35.499575285381226 ], [ 133.920141083744312, -35.440431475416275 ], [ 133.850766137157393, -35.37555430267394 ], [ 133.789392303136225, -35.305550549819991 ], [ 133.736573370903528, -35.231073295000272 ], [ 133.692780456302103, -35.152815483861836 ], [ 133.692013179622421, -35.151249157818732 ], [ 133.658598543429406, -35.072621034731526 ], [ 133.634261563764113, -34.991814639274601 ], [ 133.619190902233498, -34.909527708124081 ], [ 133.613494282437159, -34.826468666352007 ], [ 133.613467639637889, -34.824238330126377 ], [ 133.617729050261772, -34.744197014778543 ], [ 133.600490085305609, -34.734921341048214 ], [ 133.514599409047605, -34.67770017531857 ], [ 133.436283352934765, -34.613632552990019 ], [ 133.435594161332489, -34.613008154730039 ], [ 133.365208884762296, -34.542266681315134 ], [ 133.304033425959688, -34.466009788353134 ], [ 133.2526888742035, -34.385039940366489 ], [ 133.211689403594789, -34.300206787863445 ], [ 133.181437688639022, -34.212397885653274 ], [ 133.162221655080657, -34.122529112179976 ], [ 133.161115772810035, -34.115179408524668 ], [ 133.15329625144193, -34.030401651592292 ], [ 133.15525611851956, -33.94540980195125 ], [ 133.155519684323167, -33.942141904014079 ], [ 133.167759837124919, -33.854971420765978 ], [ 133.190238618036631, -33.769217670387256 ], [ 133.19691610975994, -33.752056246233934 ], [ 133.196881460457575, -33.751574530171581 ], [ 133.201012659219572, -33.663695106227529 ], [ 133.215529861246694, -33.576587006653554 ], [ 133.227106124419635, -33.536592819725122 ], [ 133.159300223201512, -33.53960577855635 ], [ 133.051636881341921, -33.535457731607877 ], [ 132.945026590441302, -33.522407745555277 ], [ 132.840550611731288, -33.500588905683557 ], [ 132.739266968482951, -33.470223585233299 ], [ 132.642199008080809, -33.431620975139388 ], [ 132.550324435941747, -33.385173662218357 ], [ 132.464564964210354, -33.331353305862336 ], [ 132.385776704861911, -33.270705475451905 ], [ 132.31474142114152, -33.203843721259119 ], [ 132.252158733723121, -33.131442960401792 ], [ 132.198639359190594, -33.054232266299714 ], [ 132.183902777712802, -33.02699827326451 ], [ 132.114674202575088, -33.028481154932109 ], [ 132.008595423620761, -33.02198662131066 ], [ 131.903829474174273, -33.006772164879941 ], [ 131.801420838734884, -32.982990260476285 ], [ 131.702388785290367, -32.950879081471285 ], [ 131.607716554198106, -32.910759905634734 ], [ 131.518341027496461, -32.863033629643013 ], [ 131.43514300979308, -32.808176441901963 ], [ 131.358938238962565, -32.746734714298185 ], [ 131.2904692298778, -32.679319182944688 ], [ 131.230398037818276, -32.606598495780254 ], [ 131.230278876611209, -32.606437673380938 ], [ 131.180197064502295, -32.530862558338931 ], [ 131.153416033920195, -32.479164368753047 ], [ 131.141383890962913, -32.45745029974487 ], [ 131.14068556801962, -32.455792629867489 ], [ 131.114498140539666, -32.462963781079068 ], [ 131.10879527447031, -32.464205229372851 ], [ 131.083431093323128, -32.469354114580888 ], [ 131.075256338490902, -32.471130162807583 ], [ 131.058498726821824, -32.474541758000782 ], [ 130.928989551392192, -32.493913844118374 ], [ 130.915116317425884, -32.49525656152683 ], [ 130.826447313354237, -32.500715529088893 ], [ 130.817331518209045, -32.500957838476047 ], [ 130.769842003219026, -32.501334480176979 ], [ 130.765122714066877, -32.501283998845011 ], [ 130.739542358819307, -32.500753380184328 ], [ 130.729490064419281, -32.500443637464642 ], [ 130.72352196477317, -32.500278654238457 ], [ 130.699438069933279, -32.499024977117898 ], [ 130.696952719030094, -32.498951048018711 ], [ 130.691265475526819, -32.498759220455383 ], [ 130.651205394045917, -32.496775635870797 ], [ 130.642090180000082, -32.496179973802931 ], [ 130.61665460365333, -32.494108943450151 ], [ 130.608250423790622, -32.493532116959294 ], [ 130.596382779343855, -32.492643680873506 ], [ 130.575396871023798, -32.490499613825619 ], [ 130.573502116489749, -32.490426599587288 ], [ 130.568773262219167, -32.490053054580045 ], [ 130.533619701890302, -32.486473214487773 ], [ 130.533044345586063, -32.486485632896809 ], [ 130.519753735506981, -32.486677460739877 ], [ 130.519747943922852, -32.486397609952952 ], [ 130.493932969957058, -32.487120456444863 ], [ 130.483526325422503, -32.487080071575335 ], [ 130.378089185867594, -32.482296917455585 ], [ 130.369740793198389, -32.481570027835389 ], [ 130.343016976221719, -32.478201302295275 ], [ 130.337949160525511, -32.478128978163959 ], [ 130.25025372501733, -32.473535854199874 ], [ 130.161023119083893, -32.480063066008348 ], [ 130.149305775655847, -32.480436622553007 ], [ 130.104811953596339, -32.480868957397895 ], [ 130.067668963510187, -32.481911607963589 ], [ 130.05735845170247, -32.484026705874648 ], [ 130.045575266320441, -32.485853832624727 ], [ 130.022274225703654, -32.489242931843876 ], [ 130.013433462760048, -32.49044423720828 ], [ 129.966601685991691, -32.494220965249049 ], [ 129.940872003137542, -32.497740333104517 ], [ 129.904520363639591, -32.499205043868763 ], [ 129.874920052205709, -32.501572441389001 ], [ 129.863434541261654, -32.501865232110049 ], [ 129.86339742398809, -32.500851563108846 ], [ 129.859149403980751, -32.501021017774214 ], [ 129.847295499943698, -32.502286744979898 ], [ 129.830608331733828, -32.503589112270731 ], [ 129.830488289764048, -32.502519156728461 ], [ 129.821240404001713, -32.503456664266018 ], [ 129.811708451892883, -32.504839891569247 ], [ 129.803798831301407, -32.505223249369699 ], [ 129.793854601288189, -32.506229546786798 ], [ 129.790224532269775, -32.506411277026316 ], [ 129.780324196681619, -32.506906407419123 ], [ 129.758276596023535, -32.507817049190756 ], [ 129.749917137788799, -32.508089647353124 ], [ 129.740777555210173, -32.508263043085897 ], [ 129.714036541571204, -32.509544999837367 ], [ 129.714063437902212, -32.510201249572013 ], [ 129.704483796481327, -32.510473848450125 ], [ 129.693278145250247, -32.510536914822111 ], [ 129.689469085849936, -32.510718618962542 ], [ 129.677680914149647, -32.510718618962542 ], [ 129.677680919422585, -32.510623333192626 ], [ 129.671896552103533, -32.510654978617282 ], [ 129.665949838481936, -32.511154772693821 ], [ 129.665941945315296, -32.511155262894263 ], [ 129.649314615904785, -32.513388861201094 ], [ 129.649295043888543, -32.513287553686574 ], [ 129.597531096714505, -32.519672795643594 ], [ 129.58210526853162, -32.521197245383512 ], [ 129.582028749632599, -32.520658871223006 ], [ 129.511240108543575, -32.529274261006009 ], [ 129.507677006917277, -32.529500812926166 ], [ 129.501272000250736, -32.530070136955807 ], [ 129.48620891805453, -32.531147782060799 ], [ 129.482847133487553, -32.531661886259251 ], [ 129.442740301236057, -32.535994991193277 ], [ 129.441876332412875, -32.53609521291397 ], [ 129.441586986123667, -32.536119434263107 ], [ 129.371408360376563, -32.543674898948957 ], [ 129.366941464983739, -32.543957591715355 ], [ 129.357809843814181, -32.544502448641389 ], [ 129.357560453287817, -32.544516430487079 ], [ 129.34752157085282, -32.545597197769354 ], [ 129.339608012198966, -32.546290278047984 ], [ 129.3109553000765, -32.550182800949791 ], [ 129.309788450169492, -32.550788471055419 ], [ 129.247555719602076, -32.58953008618203 ], [ 129.236071213122443, -32.595931281131413 ], [ 129.125500199021303, -32.649827796947683 ], [ 129.073071186106631, -32.668775488122051 ], [ 129.050495066077076, -32.678989125665169 ], [ 129.046521790035371, -32.680562816176362 ], [ 129.032651243747779, -32.685441722857057 ], [ 129.021325867113148, -32.691437429065559 ], [ 128.923497054497858, -32.732203610558827 ], [ 128.909902388708872, -32.736486603091322 ], [ 128.886112193688803, -32.746890509387377 ], [ 128.817834558055125, -32.76997737491763 ], [ 128.735278545113005, -32.802840900118873 ], [ 128.68683502995674, -32.817849169652959 ], [ 128.653075931825043, -32.829785395135396 ], [ 128.64699474712188, -32.83166243290848 ], [ 128.637476168636653, -32.833968825007354 ], [ 128.598876633136513, -32.846792911931686 ], [ 128.570532547451165, -32.853822893806907 ], [ 128.550001215457513, -32.860298852584791 ], [ 128.542944109810946, -32.862247792387592 ], [ 128.510098569330893, -32.875451189925379 ], [ 128.476457393717368, -32.88607225716828 ], [ 128.453668731727277, -32.894754902782736 ], [ 128.419109425183791, -32.904736969809676 ], [ 128.410804163140682, -32.907600980209253 ], [ 128.383114168581528, -32.915123716278096 ], [ 128.382812648194431, -32.915210679206204 ], [ 128.355382417591358, -32.924242562476245 ], [ 128.342329624325259, -32.927795364316282 ], [ 128.296774851860704, -32.93855173544425 ], [ 128.287446669713631, -32.941125727435121 ], [ 128.283074914217764, -32.942236047950217 ], [ 128.272635244460218, -32.944245292493513 ], [ 128.260609289621641, -32.947080106968052 ], [ 128.240611828760592, -32.950403744148979 ], [ 128.224957559759275, -32.953411566930292 ], [ 128.182281294182815, -32.964246722543749 ], [ 128.181667127762722, -32.964372292738531 ], [ 128.165677209223105, -32.968575169972553 ], [ 128.093586913659266, -32.980370814983509 ], [ 128.086267182964519, -32.981936487326017 ], [ 128.070450983011284, -32.985212464012363 ], [ 128.059584776403597, -32.987389743999799 ], [ 128.042989820742292, -32.996097683386267 ], [ 127.941892319812951, -33.037521555205537 ], [ 127.836069770489715, -33.069882239452873 ], [ 127.726703217603287, -33.092815875971738 ], [ 127.725161031131719, -33.093068295844041 ], [ 127.705947403953374, -33.095066579805533 ], [ 127.68497810267165, -33.099701507567104 ], [ 127.65746219855194, -33.107911670033879 ], [ 127.648497546268018, -33.110253529969008 ], [ 127.573691070161445, -33.125042577058693 ], [ 127.553862580459835, -33.129481189703668 ], [ 127.553963004467505, -33.129784486938867 ], [ 127.546477011312078, -33.131490595312513 ], [ 127.54118212190906, -33.132452108465095 ], [ 127.52911997061527, -33.135404576539386 ], [ 127.505990407869831, -33.139735942626452 ], [ 127.505757593326294, -33.138879852813304 ], [ 127.497432950355389, -33.140389065586916 ], [ 127.495364878943846, -33.140912337826435 ], [ 127.488664066274936, -33.142345934224267 ], [ 127.474524476823319, -33.144539723628661 ], [ 127.435700313895481, -33.151565601908217 ], [ 127.419834890452563, -33.153011941114521 ], [ 127.3456981761761, -33.16446383974565 ], [ 127.337783186649659, -33.165231306957367 ], [ 127.242165889809016, -33.170915672757978 ], [ 127.231688184898474, -33.171147947405998 ], [ 127.226896746589475, -33.171013967783757 ], [ 127.224126930510465, -33.171155961748354 ], [ 127.217791113042992, -33.17190940533731 ], [ 127.202423834666945, -33.173040443958861 ], [ 127.180697689747191, -33.173582519082203 ], [ 127.169474397219716, -33.175125058659802 ], [ 127.169626314995469, -33.176070586327249 ], [ 127.157013365793048, -33.177464125132218 ], [ 127.144066764643867, -33.178827423080669 ], [ 127.139941124131354, -33.179240626463333 ], [ 127.137861421861572, -33.179569158301661 ], [ 127.12188237201957, -33.181659400391986 ], [ 127.039039515408405, -33.189763261966633 ], [ 127.026949107771784, -33.190550961462385 ], [ 126.963205076497246, -33.193119269847074 ], [ 126.958001486736265, -33.193200061880674 ], [ 126.931331834310797, -33.193082472098688 ], [ 126.928582974668061, -33.193123258337877 ], [ 126.928581828148225, -33.193070084384644 ], [ 126.906367059400708, -33.192968215365312 ], [ 126.893196820118504, -33.192645048089673 ], [ 126.893225902047448, -33.191831364581695 ], [ 126.883507710276959, -33.19187935994912 ], [ 126.78904942733277, -33.199783400299218 ], [ 126.784491368301389, -33.199975279845972 ], [ 126.777810306525723, -33.200211134812079 ], [ 126.767539928219094, -33.201153688718598 ], [ 126.760652647493842, -33.201567739533836 ], [ 126.667700185029631, -33.203796829593315 ], [ 126.574865959990476, -33.199330434881148 ], [ 126.563260165977454, -33.198350875940164 ], [ 126.549725088242354, -33.197135818871558 ], [ 126.543260882848827, -33.196520879923156 ], [ 126.542008723854906, -33.19642806299278 ], [ 126.531854725334014, -33.195634910196297 ], [ 126.517102869279782, -33.194423083398426 ], [ 126.517188800907675, -33.193704110481214 ], [ 126.506286663620514, -33.192503943046383 ], [ 126.506216352893631, -33.193589644522824 ], [ 126.495567483067916, -33.19311499705578 ], [ 126.408541272914903, -33.186269321461914 ], [ 126.381918191754849, -33.183258964224343 ], [ 126.364564239915836, -33.18139818666446 ], [ 126.34548883017105, -33.179217005303734 ], [ 126.330364424354102, -33.177395298980713 ], [ 126.319032691782908, -33.175961404698818 ], [ 126.316581628020444, -33.175570695831034 ], [ 126.312262500881715, -33.175286248554038 ], [ 126.302287800872264, -33.182061091196651 ], [ 126.261438552771622, -33.213453606657524 ], [ 126.255728297812269, -33.217494003390236 ], [ 126.164140044884164, -33.27553264570296 ], [ 126.126190278938296, -33.294616525541116 ], [ 126.079594287041132, -33.320190664248813 ], [ 125.986816766152444, -33.360922512399455 ], [ 125.93572600605242, -33.378297650226024 ], [ 125.930372266300253, -33.380663658869167 ], [ 125.924135087894882, -33.383085386213622 ], [ 125.913380065876808, -33.387201105159221 ], [ 125.886317087772667, -33.397404412465406 ], [ 125.884316174191625, -33.398161573346897 ], [ 125.747642804802467, -33.44082605390183 ], [ 125.734355419377181, -33.444137498442132 ], [ 125.723136012891928, -33.446513683862534 ], [ 125.684481892798445, -33.469714416972018 ], [ 125.605047817287442, -33.507252725190384 ], [ 125.604026393683782, -33.507989871789327 ], [ 125.540716010369792, -33.550294079588966 ], [ 125.532019637615363, -33.555667173880956 ], [ 125.510994474362093, -33.568331387787609 ], [ 125.499745619412451, -33.574935312297164 ], [ 125.396699875941721, -33.628437472602272 ], [ 125.390051633566756, -33.631078581064841 ], [ 125.385328134170877, -33.633734521187129 ], [ 125.369383429459475, -33.641612318039392 ], [ 125.291470156647918, -33.676580270719192 ], [ 125.282961065100309, -33.680031343599538 ], [ 125.255323895865232, -33.690488108962647 ], [ 125.24877862876528, -33.693412596859893 ], [ 125.248874607645575, -33.69623726709407 ], [ 125.256566606942499, -33.742579404293984 ], [ 125.260290562166958, -33.834795447955123 ], [ 125.252504756540532, -33.926855906488228 ], [ 125.233261827564689, -34.017783766973331 ], [ 125.202737168845218, -34.106610972426267 ], [ 125.161228291729458, -34.192388855909876 ], [ 125.160981533864188, -34.192830780588849 ], [ 125.111691150125054, -34.270744383033289 ], [ 125.105579258223813, -34.278449876722632 ], [ 125.105087114147892, -34.279328136690303 ], [ 125.053326595918506, -34.352556258055934 ], [ 125.052939048210192, -34.353049050359033 ], [ 124.994135933479726, -34.420677956888099 ], [ 124.92789453399682, -34.483528376906236 ], [ 124.854779664471579, -34.541050206533363 ], [ 124.844539217185272, -34.547724765290788 ], [ 124.822609887829202, -34.575596074071647 ], [ 124.810274616163326, -34.592613601834088 ], [ 124.801942279679878, -34.601849018307384 ], [ 124.791272157523778, -34.615397094327903 ], [ 124.766647416446276, -34.641080036784928 ], [ 124.762741697372846, -34.645808899603821 ], [ 124.757957863358754, -34.65056947476274 ], [ 124.744769347859844, -34.665167888496192 ], [ 124.735668451642979, -34.67336901966658 ], [ 124.728556565202396, -34.680778311275944 ], [ 124.727398637128474, -34.68187587225151 ], [ 124.726865668500736, -34.681497656382525 ], [ 124.697360540183496, -34.710826576795831 ], [ 124.696012091414445, -34.712045202779244 ], [ 124.672425902161791, -34.73269191985208 ], [ 124.669966734339269, -34.734777189183511 ], [ 124.58907577734918, -34.79671883979892 ], [ 124.500880945932849, -34.851616420334231 ], [ 124.457565845758069, -34.873278195912484 ], [ 124.45310360061994, -34.878971378769911 ], [ 124.452586165363897, -34.879575070814617 ], [ 124.376447392077282, -34.958528856625655 ], [ 124.343407923663733, -34.98582140933776 ], [ 124.304057111596421, -35.020434072128864 ], [ 124.301646084771548, -35.022348700803491 ], [ 124.234974628346166, -35.071108106953496 ], [ 124.232038198557632, -35.073084357204223 ], [ 124.126610437337845, -35.135780803171812 ], [ 124.012731928347378, -35.187762196589212 ], [ 124.011886914560861, -35.188095393251061 ], [ 123.907985957302131, -35.223782194486638 ], [ 123.800103736355979, -35.250529177265513 ], [ 123.689396863696061, -35.268047093941895 ], [ 123.577054547068428, -35.276146343153698 ], [ 123.464284902888252, -35.274739221848122 ], [ 123.460593560842909, -35.27453707255426 ], [ 123.358104550348145, -35.264934430277449 ], [ 123.257195350685379, -35.247477083883311 ], [ 123.158772739106226, -35.222323119146729 ], [ 123.063719487855948, -35.189700135140122 ], [ 122.972885931290833, -35.149902990244811 ], [ 122.887081924090438, -35.103290894895231 ], [ 122.870805478653551, -35.092515143828244 ], [ 122.861859075831362, -35.098447630889346 ], [ 122.771552206240798, -35.147095264714117 ], [ 122.675759916447802, -35.188203876447282 ], [ 122.641379350874914, -35.199575801337225 ], [ 122.560251933241062, -35.244176076092558 ], [ 122.466155412545803, -35.285614949761857 ], [ 122.367516166509688, -35.319349728573471 ], [ 122.265281926087397, -35.345052912037275 ], [ 122.160437597729313, -35.362474689753391 ], [ 122.053995154430041, -35.371445599843675 ], [ 122.053077336039308, -35.371486031712664 ], [ 121.958512103805987, -35.372307670846375 ], [ 121.864216089662406, -35.36645496023182 ], [ 121.770901066149179, -35.353972387488731 ], [ 121.76419732769898, -35.352830430844264 ], [ 121.665735736528546, -35.332110374346051 ], [ 121.570081084127153, -35.304013555807884 ], [ 121.47806483502832, -35.26878653106376 ], [ 121.477149802482998, -35.268392806561017 ], [ 121.389604782851947, -35.226362291875844 ], [ 121.307247529702821, -35.177883447921474 ], [ 121.230785497651127, -35.123379491291402 ], [ 121.160871953199134, -35.063325319937285 ], [ 121.098100330440332, -34.998243074500508 ], [ 121.097333878045077, -34.997367623340729 ], [ 121.038788226956996, -34.922960778023935 ], [ 121.031433485429687, -34.91120520524813 ], [ 121.001084346949369, -34.894203510724189 ], [ 120.918227534479925, -34.837139114159328 ], [ 120.873569616676633, -34.799586943055409 ], [ 120.80748382722939, -34.820067802975863 ], [ 120.711371228984461, -34.841860085317812 ], [ 120.70769224968484, -34.842547106352683 ], [ 120.651850149738948, -34.850394412392859 ], [ 120.599061310656893, -34.859089706563545 ], [ 120.543757395753872, -34.863735623271587 ], [ 120.489429810563692, -34.928676582202534 ], [ 120.418621971044729, -34.997328344034784 ], [ 120.339699757060458, -35.059823250098454 ], [ 120.253452586943922, -35.115522377359255 ], [ 120.160748732850593, -35.163855025362707 ], [ 120.062526400454814, -35.204325006542206 ], [ 120.011131056258776, -35.220438722936706 ], [ 119.956096460060465, -35.251107309577129 ], [ 119.866915906818647, -35.291418923646063 ], [ 119.777955585165998, -35.323181147847748 ], [ 119.718486804424259, -35.349061817302562 ], [ 119.609900769129794, -35.384756003714244 ], [ 119.608017265781413, -35.385281332846752 ], [ 119.513134436748047, -35.40789039320709 ], [ 119.416119487276347, -35.423416663477724 ], [ 119.412697771233397, -35.423707002055629 ], [ 119.352249871073695, -35.495646568958456 ], [ 119.273875446929978, -35.569938089395379 ], [ 119.273685528257445, -35.570099305637513 ], [ 119.190736589820304, -35.633560067797198 ], [ 119.100118500496819, -35.689691948206651 ], [ 119.002800596458286, -35.737883925331474 ], [ 118.899829352431965, -35.77761035990406 ], [ 118.7923166788391, -35.80843721607269 ], [ 118.708914933391583, -35.824683439907943 ], [ 118.651277997126243, -35.863699528008787 ], [ 118.650716279578774, -35.864042539827757 ], [ 118.567185859229326, -35.91031994907889 ], [ 118.528610161906116, -35.927711554910879 ], [ 118.516058482834964, -35.93544213119339 ], [ 118.422218894730747, -35.982068150944578 ], [ 118.323080486924567, -36.020851116306453 ], [ 118.219636487608156, -36.051397744476688 ], [ 118.112926570092952, -36.073397856412633 ], [ 118.066761649085436, -36.079015824634418 ], [ 118.042028821334569, -36.083286704749455 ], [ 118.006219928487425, -36.086362038230867 ], [ 118.004025756009526, -36.086627827924978 ], [ 118.003521474531198, -36.086668270908888 ], [ 118.001978880800337, -36.086725717062038 ], [ 117.927373514545209, -36.093104235705475 ], [ 117.812077177803388, -36.0931268411831 ], [ 117.6974159973295, -36.083354269056912 ], [ 117.697022733648353, -36.08330371946176 ], [ 117.591384038382031, -36.06537300344533 ], [ 117.488437180453786, -36.039127731211458 ], [ 117.438710025190716, -36.021952545361962 ], [ 117.406347751618128, -36.018224944375604 ], [ 117.306336137283353, -35.998847944220742 ], [ 117.209009550340696, -35.971970273465317 ], [ 117.208345034037464, -35.971758105341699 ], [ 117.195450198038188, -35.96701744166424 ], [ 117.188919373119177, -35.967444011738529 ], [ 117.081286108298926, -35.965922891526233 ], [ 117.020652390159569, -35.960221553841066 ], [ 116.95019724508181, -35.964383240371475 ], [ 116.848343455509777, -35.962723449136092 ], [ 116.846556975476602, -35.962559592797184 ], [ 116.792815675033239, -35.967300944941655 ], [ 116.679972498681721, -35.967819283282793 ], [ 116.567663062242644, -35.958932215729178 ], [ 116.567403879027054, -35.958900720779347 ], [ 116.549380443266344, -35.958514039651689 ], [ 116.547393491237585, -35.958392714883317 ], [ 116.44690970855649, -35.948456820870717 ], [ 116.347989472325352, -35.931050147908884 ], [ 116.32599568314285, -35.925421169584808 ], [ 116.289801019586562, -35.919804624526236 ], [ 116.288987563879047, -35.919716060597871 ], [ 116.287855458360298, -35.919502469185133 ], [ 116.25976058458204, -35.915136342209465 ], [ 116.219100607259165, -35.916819487442112 ], [ 116.218959392841811, -35.916819487442112 ], [ 116.110080392986632, -35.912422188941271 ], [ 116.002282358060938, -35.899274375618575 ], [ 115.896634700401563, -35.877507514747009 ], [ 115.794183895643812, -35.847339109567997 ], [ 115.695942401826358, -35.809070311896505 ], [ 115.602878033790375, -35.763082629903018 ], [ 115.515903929005091, -35.709833779536417 ], [ 115.435869228313109, -35.649852739612854 ], [ 115.368912308631451, -35.588639767961745 ], [ 115.315012884834147, -35.557496442505105 ], [ 115.22846470358057, -35.495392774891279 ], [ 115.227024217248342, -35.494243861989744 ], [ 115.153045526723844, -35.429057042134289 ], [ 115.087396750516206, -35.358222687069279 ], [ 115.046039369559594, -35.302948141268978 ], [ 114.994270425792905, -35.296645092616984 ], [ 114.893827487174235, -35.276347766157663 ], [ 114.796209075461618, -35.248383459648785 ], [ 114.702295013487159, -35.213006567796732 ], [ 114.702033557863331, -35.212895516688093 ], [ 114.643052962145291, -35.184852406066192 ], [ 114.642733953355673, -35.185286229313732 ], [ 114.642281818749439, -35.185064199366742 ], [ 114.634552388405623, -35.180807780355025 ], [ 114.611994330596318, -35.170070954488629 ], [ 114.565146721889036, -35.142598435976616 ], [ 114.509702147769985, -35.114241403972613 ], [ 114.498490604886214, -35.107163526088762 ], [ 114.421067015439931, -35.066247868095218 ], [ 114.332550199203325, -35.007951103303654 ], [ 114.332329905165338, -35.007789825484238 ], [ 114.252413686462361, -34.942893786039924 ], [ 114.181133116891019, -34.871620086310692 ], [ 114.119231100014645, -34.79473285235462 ], [ 114.119151741711264, -34.794622255950387 ], [ 114.069573427113582, -34.717055252320158 ], [ 114.061267264061357, -34.700240813971767 ], [ 114.058831388961806, -34.696873587799821 ], [ 114.012989429210023, -34.61617608739683 ], [ 113.998475590967956, -34.58214479637325 ], [ 113.98888268695201, -34.5646393715881 ], [ 113.954488370290903, -34.48041608827014 ], [ 113.930442141173444, -34.393826400740643 ], [ 113.916954930903515, -34.305723599855924 ], [ 113.914768354245709, -34.236977484374208 ], [ 113.914026336758383, -34.233964982086896 ], [ 113.903188898892537, -34.139854877034836 ], [ 113.903807994494159, -34.093282258239427 ], [ 113.903549687929413, -34.091791468425711 ], [ 113.893579096487827, -34.002427520266721 ], [ 113.894133508678308, -33.94838068286635 ], [ 113.893255805665987, -33.94295075501563 ], [ 113.88947617045045, -33.856604238198017 ], [ 113.894898479600343, -33.782475072684463 ], [ 113.891993947004849, -33.759733659941226 ], [ 113.891862869812272, -33.757882472277821 ], [ 113.890426566586314, -33.680829373387695 ], [ 113.890498747829497, -33.678669889841167 ], [ 113.903911323662996, -33.560706323948935 ], [ 113.904216845492243, -33.559138806510397 ], [ 113.921216011682048, -33.494971408530503 ], [ 113.921210875579462, -33.493869211041165 ], [ 113.93185941047787, -33.403626304447343 ], [ 113.953442508065848, -33.314748869524657 ], [ 113.985713034069818, -33.228141656659368 ], [ 114.028317182564308, -33.144683738753926 ], [ 114.080799024862827, -33.065219852202034 ], [ 114.142605947497756, -32.990552167678644 ], [ 114.213094894943907, -32.92143255702225 ], [ 114.214406039447368, -32.920270542923987 ], [ 114.300107940439077, -32.852178915281542 ], [ 114.394188733046661, -32.792283656105646 ], [ 114.495517270683195, -32.741293971981221 ], [ 114.53389491873601, -32.726478390414904 ], [ 114.531979578145538, -32.668558391479252 ], [ 114.53811057340134, -32.587690460234214 ], [ 114.539766608610478, -32.575003401695263 ], [ 114.552828057043058, -32.513701392413438 ], [ 114.501208720753837, -32.439811662298787 ], [ 114.457372247899386, -32.359781013140115 ], [ 114.423229950715296, -32.276544347456749 ], [ 114.399092066690613, -32.190914851524816 ], [ 114.397207630403955, -32.179121731366415 ], [ 114.396839557861995, -32.177760391109835 ], [ 114.394138204490815, -32.159907537195117 ], [ 114.385169366165115, -32.103726776104061 ], [ 114.384993356230837, -32.099429174553215 ], [ 114.383910324518979, -32.092262436582786 ], [ 114.380895151396999, -32.006130772782299 ], [ 114.387798184150839, -31.920166258647612 ], [ 114.404531649876773, -31.835166003676218 ], [ 114.430917543721705, -31.751916043629098 ], [ 114.466690105925721, -31.671184195464647 ], [ 114.46678145880739, -31.671004860421409 ], [ 114.47723600835107, -31.653078708977667 ], [ 114.47478549081606, -31.649069052497147 ], [ 114.436919350025349, -31.568802569937439 ], [ 114.430874186614801, -31.55116413185662 ], [ 114.429711072647819, -31.548568814428045 ], [ 114.423609060148181, -31.533132955796887 ], [ 114.423936626096847, -31.533041545229132 ], [ 114.421570018277947, -31.526732247864832 ], [ 114.410334686484362, -31.504521427038409 ], [ 114.407170755641687, -31.497418045784137 ], [ 114.384674126157861, -31.439291027631437 ], [ 114.371843878586219, -31.419539371342211 ], [ 114.371596794643935, -31.419107627075412 ], [ 114.34738732883595, -31.370360662046298 ], [ 114.325432965819644, -31.346530651952836 ], [ 114.324875577891859, -31.345867116615199 ], [ 114.268995645199027, -31.271828831855906 ], [ 114.222084456936642, -31.193523640103653 ], [ 114.19574064451335, -31.136074405365111 ], [ 114.195064511486962, -31.135029036018793 ], [ 114.186488780743446, -31.123737174578469 ], [ 114.174114583497342, -31.102627362612893 ], [ 114.152830586081194, -31.069687187692054 ], [ 114.140784606768179, -31.045724037712095 ], [ 114.134755488770494, -31.035423845107502 ], [ 114.134587906876106, -31.035092650185398 ], [ 114.128877403644509, -31.022026113364134 ], [ 114.112479271576802, -30.989372596757818 ], [ 114.100549648747005, -30.957160210572361 ], [ 114.097884409291723, -30.951053175175893 ], [ 114.09596526055725, -30.944776342618091 ], [ 114.081661211527589, -30.906118418605523 ], [ 114.075541561810795, -30.881260225077735 ], [ 114.059997972262579, -30.851387572930335 ], [ 114.026547731490751, -30.763164066193113 ], [ 114.004137993536887, -30.672488397684972 ], [ 114.003976251113059, -30.671607145359179 ], [ 114.002456871640348, -30.658562904739295 ], [ 113.975300076641858, -30.592867888854599 ], [ 113.974899738854916, -30.591724935930671 ], [ 113.950498641153175, -30.507029914882583 ], [ 113.941574586697584, -30.453936263568508 ], [ 113.927701480711818, -30.386689280379965 ], [ 113.92754169789329, -30.385608041291309 ], [ 113.925683621794761, -30.364708907526513 ], [ 113.922171316476295, -30.354747060991784 ], [ 113.902397901809934, -30.26837226539638 ], [ 113.902350525038372, -30.268091901928106 ], [ 113.90123500275989, -30.258579827874286 ], [ 113.879275401121603, -30.190118070243621 ], [ 113.862111946947195, -30.10411384947972 ], [ 113.854928240966061, -30.017100743487003 ], [ 113.855609657100786, -29.99619999765023 ], [ 113.843442472601907, -29.945771475412613 ], [ 113.834596418749442, -29.87177072049812 ], [ 113.73801520399617, -29.857939731671841 ], [ 113.636534429134372, -29.834203337305681 ], [ 113.538418515239016, -29.801838327261908 ], [ 113.444678606145501, -29.761179889706845 ], [ 113.444246550640443, -29.760968319200561 ], [ 113.360259537037592, -29.715124455474072 ], [ 113.281848516968338, -29.66262430942546 ], [ 113.209731777262292, -29.603955086708059 ], [ 113.207209712318715, -29.601468622261585 ], [ 113.203234251043909, -29.598692535322265 ], [ 113.192076808340829, -29.59150965833155 ], [ 113.191625940524489, -29.591187551502244 ], [ 113.184924346314503, -29.5859034922989 ], [ 113.179809232396721, -29.582329783606205 ], [ 113.170861971203863, -29.574813028876513 ], [ 113.116732352260485, -29.532090264550124 ], [ 113.049025450246191, -29.467003670991385 ], [ 112.989148182211011, -29.396559200143372 ], [ 112.937664263740686, -29.321438878242152 ], [ 112.895053107156855, -29.242368433578989 ], [ 112.883172144530874, -29.213076220863833 ], [ 112.853809005117157, -29.167123029054668 ], [ 112.813541388290886, -29.085823485750399 ], [ 112.806564419382184, -29.066633445951926 ], [ 112.806048000875592, -29.066785182345853 ], [ 112.805851857762406, -29.066293828683893 ], [ 112.797883966685049, -29.042748355006886 ], [ 112.78290306754505, -29.001501796389217 ], [ 112.780386491852852, -28.991006239437308 ], [ 112.778444981490921, -28.985261884175589 ], [ 112.771680557660474, -28.954681995031599 ], [ 112.76217444804243, -28.914991581145159 ], [ 112.762107814546255, -28.914621094303818 ], [ 112.761221348983241, -28.907365558662505 ], [ 112.760117356785074, -28.902368825200906 ], [ 112.759614651548858, -28.897733429531495 ], [ 112.758397452630106, -28.893047490744578 ], [ 112.755685671619844, -28.873439220378849 ], [ 112.725139696535365, -28.815193058111991 ], [ 112.724716471091412, -28.814270217328712 ], [ 112.704031873871116, -28.763000718925433 ], [ 112.693287380664501, -28.748386574415608 ], [ 112.650274747748639, -28.67595925642199 ], [ 112.61516228383033, -28.600451650200498 ], [ 112.588228427071655, -28.522498044201882 ], [ 112.587208479169149, -28.518960907939011 ], [ 112.565277784729005, -28.418566778169094 ], [ 112.556831302504222, -28.316668785241824 ], [ 112.556793180082593, -28.314328437590017 ], [ 112.559352148418711, -28.237799667510377 ], [ 112.569491342242117, -28.161743144551526 ], [ 112.587120644234588, -28.086718227030161 ], [ 112.612095560178105, -28.013275556534285 ], [ 112.613024021116559, -28.010921698123358 ], [ 112.649326149245354, -27.931482446885632 ], [ 112.694181310489441, -27.855406827467437 ], [ 112.708314036324879, -27.836207122781957 ], [ 112.71038735658891, -27.832875260460128 ], [ 112.717851176616549, -27.823246122421587 ], [ 112.747164773626807, -27.783385996367151 ], [ 112.747586774388253, -27.782868415959026 ], [ 112.75776364784069, -27.771719848218815 ], [ 112.765975545416111, -27.761111145842854 ], [ 112.805068481752983, -27.719859586437874 ], [ 112.816698968935896, -27.7070993155412 ], [ 112.819445568577962, -27.704678281156792 ], [ 112.82924052716028, -27.694332226640004 ], [ 112.899582755579004, -27.633157291344848 ], [ 112.901181188452654, -27.631894849317426 ], [ 112.980535040458875, -27.575208371108967 ], [ 113.006401574504764, -27.560210446911011 ], [ 113.002990990950963, -27.554643262260299 ], [ 112.999605253492575, -27.54890252324898 ], [ 112.996407396153359, -27.543410733165786 ], [ 112.995471591724083, -27.541979862643814 ], [ 112.989600446219413, -27.532924729057203 ], [ 112.970749476799142, -27.500234285198125 ], [ 112.970657012547107, -27.500097843957263 ], [ 112.968262106671489, -27.496651084363489 ], [ 112.962529183052823, -27.487856882031384 ], [ 112.962586908713789, -27.487828394549798 ], [ 112.953278657288422, -27.473580345408003 ], [ 112.946752727624485, -27.46321272974226 ], [ 112.944932688224668, -27.460349584049499 ], [ 112.925510795551958, -27.428261224451798 ], [ 112.922265104743602, -27.422621325780007 ], [ 112.903209665054632, -27.386360054294663 ], [ 112.883100395279996, -27.36018115546571 ], [ 112.883003707819157, -27.360048184577696 ], [ 112.879277702065295, -27.355587883009466 ], [ 112.878567284309767, -27.354639968948369 ], [ 112.876650366150287, -27.352183808021135 ], [ 112.870853773048111, -27.344848397568772 ], [ 112.871166084417297, -27.344661079390722 ], [ 112.836615913914002, -27.300133442657796 ], [ 112.832416639937193, -27.294126727816337 ], [ 112.818046422962524, -27.276183454417698 ], [ 112.813730843628434, -27.27022933052271 ], [ 112.810335809866785, -27.265739521030344 ], [ 112.810340960789645, -27.265736560388746 ], [ 112.803174653454789, -27.257485101723535 ], [ 112.799097184861964, -27.252122036354244 ], [ 112.780195757650901, -27.225292041606036 ], [ 112.778499554254324, -27.223189891256158 ], [ 112.767142879994566, -27.208191314557979 ], [ 112.760451570140887, -27.202310114313057 ], [ 112.76062639763839, -27.202158747045935 ], [ 112.720251741396183, -27.165750255245793 ], [ 112.718833565430984, -27.16436312570881 ], [ 112.716097313948225, -27.161548942782563 ], [ 112.701987403627427, -27.149286240094963 ], [ 112.694749605218618, -27.142761266053281 ], [ 112.694860375195688, -27.142667661349606 ], [ 112.652474954483921, -27.105408189762692 ], [ 112.650425018315957, -27.103411315646344 ], [ 112.644460735386772, -27.098204112421758 ], [ 112.610629107809075, -27.067197616679479 ], [ 112.598062569668585, -27.055105164372257 ], [ 112.598132374174483, -27.055049816306802 ], [ 112.596576896200474, -27.053635055412812 ], [ 112.593999368609275, -27.051027040787776 ], [ 112.570770151656859, -27.028854646292839 ], [ 112.563842620714681, -27.021789352260143 ], [ 112.564574097901684, -27.021241749866739 ], [ 112.525954825490345, -26.982116508583019 ], [ 112.52147529700045, -26.976461279491314 ], [ 112.518598679095902, -26.973462391675316 ], [ 112.459974184014115, -26.906031451699995 ], [ 112.40899993925585, -26.834018633204302 ], [ 112.366126778464249, -26.758081912807711 ], [ 112.331729045941671, -26.678913756694932 ], [ 112.327860352488699, -26.666591582785696 ], [ 112.326848266228595, -26.665244496063202 ], [ 112.314990123502255, -26.65105589705437 ], [ 112.267238219231416, -26.581321350728739 ], [ 112.265583202118023, -26.578631661151967 ], [ 112.225088728614168, -26.504852483155673 ], [ 112.192524623544912, -26.42811284739804 ], [ 112.178714783689713, -26.383339012566925 ], [ 112.136877208643824, -26.316261765661594 ], [ 112.128357550913961, -26.298094202603533 ], [ 112.123921731835836, -26.289789905726902 ], [ 112.118962319795756, -26.280300150179293 ], [ 112.102941287850342, -26.244717094636766 ], [ 112.10243999841677, -26.244903576565797 ], [ 112.101818724067044, -26.24360979738422 ], [ 112.100263626703693, -26.240012245390133 ], [ 112.072085267369204, -26.196450371004392 ], [ 112.065563749724717, -26.184962030239273 ], [ 112.010793280226054, -26.068392539851732 ], [ 112.010244201010579, -26.066939105776996 ], [ 112.00794953882864, -26.060790254454151 ], [ 112.007273437424843, -26.058956014987778 ], [ 111.979992561556273, -25.969222555281661 ], [ 111.979808900437533, -25.968461364159197 ], [ 111.970246945153789, -25.914738982573319 ], [ 111.962587122986434, -25.895155289546217 ], [ 111.961678649257365, -25.892399559454987 ], [ 111.939275161820447, -25.80997515900745 ], [ 111.93821658138701, -25.805058283735061 ], [ 111.931898952475038, -25.769813374483356 ], [ 111.929641456945618, -25.760182777872927 ], [ 111.92751742195172, -25.747848838114098 ], [ 111.924117060715986, -25.715281239133276 ], [ 111.92215447496234, -25.703492224056873 ], [ 111.921712788748252, -25.700239296206636 ], [ 111.916982813326243, -25.656184320564318 ], [ 111.916712948952622, -25.65277248308039 ], [ 111.916594257178943, -25.643160744724856 ], [ 111.916586059960849, -25.643082106435791 ], [ 111.9160773274522, -25.629438427393758 ], [ 111.916424716336124, -25.629428276708314 ], [ 111.915415968728098, -25.54765016621565 ], [ 111.924802536752111, -25.470171241119058 ] ] ] } }
]
}
