{
"type": "FeatureCollection",
"name": "sample_points_abares",
"crs": { "type": "name", "properties": { "name": "urn:ogc:def:crs:EPSG::3577" } },
"features": [
{ "type": "Feature", "properties": { "time": "2023-09-22T03:00:13.861", "spatial_ref": 3577, "class": 400 }, "geometry": { "type": "Point", "coordinates": [ 1090125.0, -4015005.0 ] } },
{ "type": "Feature", "properties": { "time": "2023-09-22T03:00:13.861", "spatial_ref": 3577, "class": 400 }, "geometry": { "type": "Point", "coordinates": [ 1072125.0, -3940275.0 ] } },
{ "type": "Feature", "properties": { "time": "2023-09-22T03:00:13.861", "spatial_ref": 3577, "class": 400 }, "geometry": { "type": "Point", "coordinates": [ 1150305.0, -3940005.0 ] } },
{ "type": "Feature", "properties": { "time": "2023-09-22T03:00:13.861", "spatial_ref": 3577, "class": 400 }, "geometry": { "type": "Point", "coordinates": [ 1088355.0, -3992835.0 ] } },
{ "type": "Feature", "properties": { "time": "2023-09-22T03:00:13.861", "spatial_ref": 3577, "class": 400 }, "geometry": { "type": "Point", "coordinates": [ 1070445.0, -4005675.0 ] } },
{ "type": "Feature", "properties": { "time": "2023-09-22T03:00:13.861", "spatial_ref": 3577, "class": 400 }, "geometry": { "type": "Point", "coordinates": [ 1132785.0, -3952425.0 ] } },
{ "type": "Feature", "properties": { "time": "2023-09-22T03:00:13.861", "spatial_ref": 3577, "class": 400 }, "geometry": { "type": "Point", "coordinates": [ 1126545.0, -3954555.0 ] } },
{ "type": "Feature", "properties": { "time": "2023-09-22T03:00:13.861", "spatial_ref": 3577, "class": 400 }, "geometry": { "type": "Point", "coordinates": [ 1074375.0, -3965475.0 ] } },
{ "type": "Feature", "properties": { "time": "2023-09-22T03:00:13.861", "spatial_ref": 3577, "class": 400 }, "geometry": { "type": "Point", "coordinates": [ 1088595.0, -3996795.0 ] } },
{ "type": "Feature", "properties": { "time": "2023-09-22T03:00:13.861", "spatial_ref": 3577, "class": 400 }, "geometry": { "type": "Point", "coordinates": [ 1136265.0, -4029945.0 ] } },
{ "type": "Feature", "properties": { "time": "2023-09-22T03:00:13.861", "spatial_ref": 3577, "class": 400 }, "geometry": { "type": "Point", "coordinates": [ 1120215.0, -4007505.0 ] } },
{ "type": "Feature", "properties": { "time": "2023-09-22T03:00:13.861", "spatial_ref": 3577, "class": 400 }, "geometry": { "type": "Point", "coordinates": [ 1070775.0, -3964725.0 ] } },
{ "type": "Feature", "properties": { "time": "2023-09-22T03:00:13.861", "spatial_ref": 3577, "class": 400 }, "geometry": { "type": "Point", "coordinates": [ 1116705.0, -3983205.0 ] } },
{ "type": "Feature", "properties": { "time": "2023-09-22T03:00:13.861", "spatial_ref": 3577, "class": 400 }, "geometry": { "type": "Point", "coordinates": [ 1145865.0, -3946515.0 ] } },
{ "type": "Feature", "properties": { "time": "2023-09-22T03:00:13.861", "spatial_ref": 3577, "class": 400 }, "geometry": { "type": "Point", "coordinates": [ 1146045.0, -4022265.0 ] } },
{ "type": "Feature", "properties": { "time": "2023-09-22T03:00:13.861", "spatial_ref": 3577, "class": 400 }, "geometry": { "type": "Point", "coordinates": [ 1091685.0, -3975495.0 ] } },
{ "type": "Feature", "properties": { "time": "2023-09-22T03:00:13.861", "spatial_ref": 3577, "class": 400 }, "geometry": { "type": "Point", "coordinates": [ 1112325.0, -3973635.0 ] } },
{ "type": "Feature", "properties": { "time": "2023-09-22T03:00:13.861", "spatial_ref": 3577, "class": 400 }, "geometry": { "type": "Point", "coordinates": [ 1120935.0, -4009785.0 ] } },
{ "type": "Feature", "properties": { "time": "2023-09-22T03:00:13.861", "spatial_ref": 3577, "class": 400 }, "geometry": { "type": "Point", "coordinates": [ 1067055.0, -4007205.0 ] } },
{ "type": "Feature", "properties": { "time": "2023-09-22T03:00:13.861", "spatial_ref": 3577, "class": 400 }, "geometry": { "type": "Point", "coordinates": [ 1123155.0, -3946035.0 ] } },
{ "type": "Feature", "properties": { "time": "2023-09-22T03:00:13.861", "spatial_ref": 3577, "class": 400 }, "geometry": { "type": "Point", "coordinates": [ 1101345.0, -3975705.0 ] } },
{ "type": "Feature", "properties": { "time": "2023-09-22T03:00:13.861", "spatial_ref": 3577, "class": 400 }, "geometry": { "type": "Point", "coordinates": [ 1091115.0, -3955785.0 ] } },
{ "type": "Feature", "properties": { "time": "2023-09-22T03:00:13.861", "spatial_ref": 3577, "class": 400 }, "geometry": { "type": "Point", "coordinates": [ 1138455.0, -3958095.0 ] } },
{ "type": "Feature", "properties": { "time": "2023-09-22T03:00:13.861", "spatial_ref": 3577, "class": 400 }, "geometry": { "type": "Point", "coordinates": [ 1104015.0, -3975735.0 ] } },
{ "type": "Feature", "properties": { "time": "2023-09-22T03:00:13.861", "spatial_ref": 3577, "class": 400 }, "geometry": { "type": "Point", "coordinates": [ 1143975.0, -4022595.0 ] } },
{ "type": "Feature", "properties": { "time": "2023-09-22T03:00:13.861", "spatial_ref": 3577, "class": 400 }, "geometry": { "type": "Point", "coordinates": [ 1135005.0, -4026585.0 ] } },
{ "type": "Feature", "properties": { "time": "2023-09-22T03:00:13.861", "spatial_ref": 3577, "class": 400 }, "geometry": { "type": "Point", "coordinates": [ 1075215.0, -3976425.0 ] } },
{ "type": "Feature", "properties": { "time": "2023-09-22T03:00:13.861", "spatial_ref": 3577, "class": 400 }, "geometry": { "type": "Point", "coordinates": [ 1091325.0, -4012215.0 ] } },
{ "type": "Feature", "properties": { "time": "2023-09-22T03:00:13.861", "spatial_ref": 3577, "class": 400 }, "geometry": { "type": "Point", "coordinates": [ 1064145.0, -3977565.0 ] } },
{ "type": "Feature", "properties": { "time": "2023-09-22T03:00:13.861", "spatial_ref": 3577, "class": 400 }, "geometry": { "type": "Point", "coordinates": [ 1087845.0, -4001445.0 ] } },
{ "type": "Feature", "properties": { "time": "2023-09-22T03:00:13.861", "spatial_ref": 3577, "class": 400 }, "geometry": { "type": "Point", "coordinates": [ 1074315.0, -3979425.0 ] } },
{ "type": "Feature", "properties": { "time": "2023-09-22T03:00:13.861", "spatial_ref": 3577, "class": 400 }, "geometry": { "type": "Point", "coordinates": [ 1146975.0, -3950955.0 ] } },
{ "type": "Feature", "properties": { "time": "2023-09-22T03:00:13.861", "spatial_ref": 3577, "class": 400 }, "geometry": { "type": "Point", "coordinates": [ 1096455.0, -3955065.0 ] } },
{ "type": "Feature", "properties": { "time": "2023-09-22T03:00:13.861", "spatial_ref": 3577, "class": 400 }, "geometry": { "type": "Point", "coordinates": [ 1076235.0, -3964245.0 ] } },
{ "type": "Feature", "properties": { "time": "2023-09-22T03:00:13.861", "spatial_ref": 3577, "class": 400 }, "geometry": { "type": "Point", "coordinates": [ 1058145.0, -3985905.0 ] } },
{ "type": "Feature", "properties": { "time": "2023-09-22T03:00:13.861", "spatial_ref": 3577, "class": 400 }, "geometry": { "type": "Point", "coordinates": [ 1081785.0, -3978675.0 ] } },
{ "type": "Feature", "properties": { "time": "2023-09-22T03:00:13.861", "spatial_ref": 3577, "class": 400 }, "geometry": { "type": "Point", "coordinates": [ 1082505.0, -4031745.0 ] } },
{ "type": "Feature", "properties": { "time": "2023-09-22T03:00:13.861", "spatial_ref": 3577, "class": 400 }, "geometry": { "type": "Point", "coordinates": [ 1114905.0, -4024005.0 ] } },
{ "type": "Feature", "properties": { "time": "2023-09-22T03:00:13.861", "spatial_ref": 3577, "class": 400 }, "geometry": { "type": "Point", "coordinates": [ 1127865.0, -4022535.0 ] } },
{ "type": "Feature", "properties": { "time": "2023-09-22T03:00:13.861", "spatial_ref": 3577, "class": 400 }, "geometry": { "type": "Point", "coordinates": [ 1106085.0, -3970605.0 ] } },
{ "type": "Feature", "properties": { "time": "2023-09-22T03:00:13.861", "spatial_ref": 3577, "class": 400 }, "geometry": { "type": "Point", "coordinates": [ 1126455.0, -4014705.0 ] } },
{ "type": "Feature", "properties": { "time": "2023-09-22T03:00:13.861", "spatial_ref": 3577, "class": 400 }, "geometry": { "type": "Point", "coordinates": [ 1073295.0, -3982425.0 ] } },
{ "type": "Feature", "properties": { "time": "2023-09-22T03:00:13.861", "spatial_ref": 3577, "class": 400 }, "geometry": { "type": "Point", "coordinates": [ 1087785.0, -4019175.0 ] } },
{ "type": "Feature", "properties": { "time": "2023-09-22T03:00:13.861", "spatial_ref": 3577, "class": 400 }, "geometry": { "type": "Point", "coordinates": [ 1087065.0, -3938415.0 ] } },
{ "type": "Feature", "properties": { "time": "2023-09-22T03:00:13.861", "spatial_ref": 3577, "class": 400 }, "geometry": { "type": "Point", "coordinates": [ 1117845.0, -4015755.0 ] } },
{ "type": "Feature", "properties": { "time": "2023-09-22T03:00:13.861", "spatial_ref": 3577, "class": 400 }, "geometry": { "type": "Point", "coordinates": [ 1133115.0, -3978915.0 ] } },
{ "type": "Feature", "properties": { "time": "2023-09-22T03:00:13.861", "spatial_ref": 3577, "class": 400 }, "geometry": { "type": "Point", "coordinates": [ 1137555.0, -3968445.0 ] } },
{ "type": "Feature", "properties": { "time": "2023-09-22T03:00:13.861", "spatial_ref": 3577, "class": 400 }, "geometry": { "type": "Point", "coordinates": [ 1073715.0, -3998385.0 ] } },
{ "type": "Feature", "properties": { "time": "2023-09-22T03:00:13.861", "spatial_ref": 3577, "class": 400 }, "geometry": { "type": "Point", "coordinates": [ 1080975.0, -3968625.0 ] } },
{ "type": "Feature", "properties": { "time": "2023-09-22T03:00:13.861", "spatial_ref": 3577, "class": 400 }, "geometry": { "type": "Point", "coordinates": [ 1131555.0, -4024935.0 ] } },
{ "type": "Feature", "properties": { "time": "2023-09-22T03:00:13.861", "spatial_ref": 3577, "class": 400 }, "geometry": { "type": "Point", "coordinates": [ 1061925.0, -3964395.0 ] } },
{ "type": "Feature", "properties": { "time": "2023-09-22T03:00:13.861", "spatial_ref": 3577, "class": 400 }, "geometry": { "type": "Point", "coordinates": [ 1143075.0, -4009905.0 ] } },
{ "type": "Feature", "properties": { "time": "2023-09-22T03:00:13.861", "spatial_ref": 3577, "class": 400 }, "geometry": { "type": "Point", "coordinates": [ 1139265.0, -3963735.0 ] } },
{ "type": "Feature", "properties": { "time": "2023-09-22T03:00:13.861", "spatial_ref": 3577, "class": 400 }, "geometry": { "type": "Point", "coordinates": [ 1065375.0, -4015095.0 ] } },
{ "type": "Feature", "properties": { "time": "2023-09-22T03:00:13.861", "spatial_ref": 3577, "class": 400 }, "geometry": { "type": "Point", "coordinates": [ 1147845.0, -3971625.0 ] } },
{ "type": "Feature", "properties": { "time": "2023-09-22T03:00:13.861", "spatial_ref": 3577, "class": 400 }, "geometry": { "type": "Point", "coordinates": [ 1131675.0, -3982725.0 ] } },
{ "type": "Feature", "properties": { "time": "2023-09-22T03:00:13.861", "spatial_ref": 3577, "class": 400 }, "geometry": { "type": "Point", "coordinates": [ 1063755.0, -4007925.0 ] } },
{ "type": "Feature", "properties": { "time": "2023-09-22T03:00:13.861", "spatial_ref": 3577, "class": 400 }, "geometry": { "type": "Point", "coordinates": [ 1144185.0, -3993255.0 ] } },
{ "type": "Feature", "properties": { "time": "2023-09-22T03:00:13.861", "spatial_ref": 3577, "class": 400 }, "geometry": { "type": "Point", "coordinates": [ 1091265.0, -3945765.0 ] } },
{ "type": "Feature", "properties": { "time": "2023-09-22T03:00:13.861", "spatial_ref": 3577, "class": 400 }, "geometry": { "type": "Point", "coordinates": [ 1067025.0, -4011915.0 ] } },
{ "type": "Feature", "properties": { "time": "2023-09-22T03:00:13.861", "spatial_ref": 3577, "class": 400 }, "geometry": { "type": "Point", "coordinates": [ 1137885.0, -3960915.0 ] } },
{ "type": "Feature", "properties": { "time": "2023-09-22T03:00:13.861", "spatial_ref": 3577, "class": 400 }, "geometry": { "type": "Point", "coordinates": [ 1085775.0, -3961875.0 ] } },
{ "type": "Feature", "properties": { "time": "2023-09-22T03:00:13.861", "spatial_ref": 3577, "class": 400 }, "geometry": { "type": "Point", "coordinates": [ 1138695.0, -3943365.0 ] } },
{ "type": "Feature", "properties": { "time": "2023-09-22T03:00:13.861", "spatial_ref": 3577, "class": 400 }, "geometry": { "type": "Point", "coordinates": [ 1095075.0, -3945765.0 ] } },
{ "type": "Feature", "properties": { "time": "2023-09-22T03:00:13.861", "spatial_ref": 3577, "class": 400 }, "geometry": { "type": "Point", "coordinates": [ 1100475.0, -3943755.0 ] } },
{ "type": "Feature", "properties": { "time": "2023-09-22T03:00:13.861", "spatial_ref": 3577, "class": 400 }, "geometry": { "type": "Point", "coordinates": [ 1137195.0, -3999495.0 ] } },
{ "type": "Feature", "properties": { "time": "2023-09-22T03:00:13.861", "spatial_ref": 3577, "class": 400 }, "geometry": { "type": "Point", "coordinates": [ 1145175.0, -3939405.0 ] } },
{ "type": "Feature", "properties": { "time": "2023-09-22T03:00:13.861", "spatial_ref": 3577, "class": 400 }, "geometry": { "type": "Point", "coordinates": [ 1094355.0, -3998565.0 ] } },
{ "type": "Feature", "properties": { "time": "2023-09-22T03:00:13.861", "spatial_ref": 3577, "class": 400 }, "geometry": { "type": "Point", "coordinates": [ 1149405.0, -4024485.0 ] } },
{ "type": "Feature", "properties": { "time": "2023-09-22T03:00:13.861", "spatial_ref": 3577, "class": 400 }, "geometry": { "type": "Point", "coordinates": [ 1083675.0, -3970305.0 ] } },
{ "type": "Feature", "properties": { "time": "2023-09-22T03:00:13.861", "spatial_ref": 3577, "class": 400 }, "geometry": { "type": "Point", "coordinates": [ 1109985.0, -3986595.0 ] } },
{ "type": "Feature", "properties": { "time": "2023-09-22T03:00:13.861", "spatial_ref": 3577, "class": 400 }, "geometry": { "type": "Point", "coordinates": [ 1067775.0, -3986385.0 ] } },
{ "type": "Feature", "properties": { "time": "2023-09-22T03:00:13.861", "spatial_ref": 3577, "class": 400 }, "geometry": { "type": "Point", "coordinates": [ 1111125.0, -4024515.0 ] } },
{ "type": "Feature", "properties": { "time": "2023-09-22T03:00:13.861", "spatial_ref": 3577, "class": 400 }, "geometry": { "type": "Point", "coordinates": [ 1123245.0, -3962355.0 ] } },
{ "type": "Feature", "properties": { "time": "2023-09-22T03:00:13.861", "spatial_ref": 3577, "class": 400 }, "geometry": { "type": "Point", "coordinates": [ 1084155.0, -3952305.0 ] } },
{ "type": "Feature", "properties": { "time": "2023-09-22T03:00:13.861", "spatial_ref": 3577, "class": 400 }, "geometry": { "type": "Point", "coordinates": [ 1075545.0, -3942465.0 ] } },
{ "type": "Feature", "properties": { "time": "2023-09-22T03:00:13.861", "spatial_ref": 3577, "class": 400 }, "geometry": { "type": "Point", "coordinates": [ 1090395.0, -4012425.0 ] } },
{ "type": "Feature", "properties": { "time": "2023-09-22T03:00:13.861", "spatial_ref": 3577, "class": 400 }, "geometry": { "type": "Point", "coordinates": [ 1105005.0, -4025385.0 ] } },
{ "type": "Feature", "properties": { "time": "2023-09-22T03:00:13.861", "spatial_ref": 3577, "class": 400 }, "geometry": { "type": "Point", "coordinates": [ 1124385.0, -4007865.0 ] } },
{ "type": "Feature", "properties": { "time": "2023-09-22T03:00:13.861", "spatial_ref": 3577, "class": 400 }, "geometry": { "type": "Point", "coordinates": [ 1087455.0, -4006545.0 ] } },
{ "type": "Feature", "properties": { "time": "2023-09-22T03:00:13.861", "spatial_ref": 3577, "class": 400 }, "geometry": { "type": "Point", "coordinates": [ 1109505.0, -3977145.0 ] } },
{ "type": "Feature", "properties": { "time": "2023-09-22T03:00:13.861", "spatial_ref": 3577, "class": 400 }, "geometry": { "type": "Point", "coordinates": [ 1076205.0, -3966015.0 ] } },
{ "type": "Feature", "properties": { "time": "2023-09-22T03:00:13.861", "spatial_ref": 3577, "class": 400 }, "geometry": { "type": "Point", "coordinates": [ 1066305.0, -3986565.0 ] } },
{ "type": "Feature", "properties": { "time": "2023-09-22T03:00:13.861", "spatial_ref": 3577, "class": 400 }, "geometry": { "type": "Point", "coordinates": [ 1132995.0, -3980355.0 ] } },
{ "type": "Feature", "properties": { "time": "2023-09-22T03:00:13.861", "spatial_ref": 3577, "class": 400 }, "geometry": { "type": "Point", "coordinates": [ 1151895.0, -4023705.0 ] } },
{ "type": "Feature", "properties": { "time": "2023-09-22T03:00:13.861", "spatial_ref": 3577, "class": 400 }, "geometry": { "type": "Point", "coordinates": [ 1127505.0, -3966795.0 ] } },
{ "type": "Feature", "properties": { "time": "2023-09-22T03:00:13.861", "spatial_ref": 3577, "class": 400 }, "geometry": { "type": "Point", "coordinates": [ 1133475.0, -3945855.0 ] } },
{ "type": "Feature", "properties": { "time": "2023-09-22T03:00:13.861", "spatial_ref": 3577, "class": 400 }, "geometry": { "type": "Point", "coordinates": [ 1073505.0, -4016835.0 ] } },
{ "type": "Feature", "properties": { "time": "2023-09-22T03:00:13.861", "spatial_ref": 3577, "class": 400 }, "geometry": { "type": "Point", "coordinates": [ 1087485.0, -4009155.0 ] } },
{ "type": "Feature", "properties": { "time": "2023-09-22T03:00:13.861", "spatial_ref": 3577, "class": 400 }, "geometry": { "type": "Point", "coordinates": [ 1083315.0, -4031775.0 ] } },
{ "type": "Feature", "properties": { "time": "2023-09-22T03:00:13.861", "spatial_ref": 3577, "class": 400 }, "geometry": { "type": "Point", "coordinates": [ 1132035.0, -3996225.0 ] } },
{ "type": "Feature", "properties": { "time": "2023-09-22T03:00:13.861", "spatial_ref": 3577, "class": 400 }, "geometry": { "type": "Point", "coordinates": [ 1082355.0, -3976935.0 ] } },
{ "type": "Feature", "properties": { "time": "2023-09-22T03:00:13.861", "spatial_ref": 3577, "class": 400 }, "geometry": { "type": "Point", "coordinates": [ 1142115.0, -3971865.0 ] } },
{ "type": "Feature", "properties": { "time": "2023-09-22T03:00:13.861", "spatial_ref": 3577, "class": 400 }, "geometry": { "type": "Point", "coordinates": [ 1137135.0, -3939645.0 ] } },
{ "type": "Feature", "properties": { "time": "2023-09-22T03:00:13.861", "spatial_ref": 3577, "class": 400 }, "geometry": { "type": "Point", "coordinates": [ 1092705.0, -3955695.0 ] } },
{ "type": "Feature", "properties": { "time": "2023-09-22T03:00:13.861", "spatial_ref": 3577, "class": 400 }, "geometry": { "type": "Point", "coordinates": [ 1129065.0, -4014975.0 ] } },
{ "type": "Feature", "properties": { "time": "2023-09-22T03:00:13.861", "spatial_ref": 3577, "class": 400 }, "geometry": { "type": "Point", "coordinates": [ 1086225.0, -4010835.0 ] } },
{ "type": "Feature", "properties": { "time": "2023-09-22T03:00:13.861", "spatial_ref": 3577, "class": 400 }, "geometry": { "type": "Point", "coordinates": [ 1097865.0, -4030125.0 ] } },
{ "type": "Feature", "properties": { "time": "2023-09-22T03:00:13.861", "spatial_ref": 3577, "class": 400 }, "geometry": { "type": "Point", "coordinates": [ 1082145.0, -3955545.0 ] } },
{ "type": "Feature", "properties": { "time": "2023-09-22T03:00:13.861", "spatial_ref": 3577, "class": 400 }, "geometry": { "type": "Point", "coordinates": [ 1078875.0, -4024335.0 ] } },
{ "type": "Feature", "properties": { "time": "2023-09-22T03:00:13.861", "spatial_ref": 3577, "class": 400 }, "geometry": { "type": "Point", "coordinates": [ 1067715.0, -4030995.0 ] } },
{ "type": "Feature", "properties": { "time": "2023-09-22T03:00:13.861", "spatial_ref": 3577, "class": 400 }, "geometry": { "type": "Point", "coordinates": [ 1089555.0, -3983205.0 ] } },
{ "type": "Feature", "properties": { "time": "2023-09-22T03:00:13.861", "spatial_ref": 3577, "class": 400 }, "geometry": { "type": "Point", "coordinates": [ 1130805.0, -3952095.0 ] } },
{ "type": "Feature", "properties": { "time": "2023-09-22T03:00:13.861", "spatial_ref": 3577, "class": 400 }, "geometry": { "type": "Point", "coordinates": [ 1134945.0, -4031115.0 ] } },
{ "type": "Feature", "properties": { "time": "2023-09-22T03:00:13.861", "spatial_ref": 3577, "class": 400 }, "geometry": { "type": "Point", "coordinates": [ 1088535.0, -4013745.0 ] } },
{ "type": "Feature", "properties": { "time": "2023-09-22T03:00:13.861", "spatial_ref": 3577, "class": 400 }, "geometry": { "type": "Point", "coordinates": [ 1150845.0, -4027455.0 ] } },
{ "type": "Feature", "properties": { "time": "2023-09-22T03:00:13.861", "spatial_ref": 3577, "class": 400 }, "geometry": { "type": "Point", "coordinates": [ 1110915.0, -3975225.0 ] } },
{ "type": "Feature", "properties": { "time": "2023-09-22T03:00:13.861", "spatial_ref": 3577, "class": 400 }, "geometry": { "type": "Point", "coordinates": [ 1095495.0, -4013325.0 ] } },
{ "type": "Feature", "properties": { "time": "2023-09-22T03:00:13.861", "spatial_ref": 3577, "class": 400 }, "geometry": { "type": "Point", "coordinates": [ 1096935.0, -3969315.0 ] } },
{ "type": "Feature", "properties": { "time": "2023-09-22T03:00:13.861", "spatial_ref": 3577, "class": 400 }, "geometry": { "type": "Point", "coordinates": [ 1093035.0, -3995565.0 ] } },
{ "type": "Feature", "properties": { "time": "2023-09-22T03:00:13.861", "spatial_ref": 3577, "class": 400 }, "geometry": { "type": "Point", "coordinates": [ 1101915.0, -3974685.0 ] } },
{ "type": "Feature", "properties": { "time": "2023-09-22T03:00:13.861", "spatial_ref": 3577, "class": 400 }, "geometry": { "type": "Point", "coordinates": [ 1114095.0, -3942075.0 ] } },
{ "type": "Feature", "properties": { "time": "2023-09-22T03:00:13.861", "spatial_ref": 3577, "class": 400 }, "geometry": { "type": "Point", "coordinates": [ 1105905.0, -3984675.0 ] } },
{ "type": "Feature", "properties": { "time": "2023-09-22T03:00:13.861", "spatial_ref": 3577, "class": 400 }, "geometry": { "type": "Point", "coordinates": [ 1122795.0, -3941325.0 ] } },
{ "type": "Feature", "properties": { "time": "2023-09-22T03:00:13.861", "spatial_ref": 3577, "class": 400 }, "geometry": { "type": "Point", "coordinates": [ 1150995.0, -4026795.0 ] } },
{ "type": "Feature", "properties": { "time": "2023-09-22T03:00:13.861", "spatial_ref": 3577, "class": 400 }, "geometry": { "type": "Point", "coordinates": [ 1068405.0, -4030455.0 ] } },
{ "type": "Feature", "properties": { "time": "2023-09-22T03:00:13.861", "spatial_ref": 3577, "class": 400 }, "geometry": { "type": "Point", "coordinates": [ 1069935.0, -4017465.0 ] } },
{ "type": "Feature", "properties": { "time": "2023-09-22T03:00:13.861", "spatial_ref": 3577, "class": 400 }, "geometry": { "type": "Point", "coordinates": [ 1083075.0, -4002705.0 ] } },
{ "type": "Feature", "properties": { "time": "2023-09-22T03:00:13.861", "spatial_ref": 3577, "class": 400 }, "geometry": { "type": "Point", "coordinates": [ 1144785.0, -3980835.0 ] } },
{ "type": "Feature", "properties": { "time": "2023-09-22T03:00:13.861", "spatial_ref": 3577, "class": 400 }, "geometry": { "type": "Point", "coordinates": [ 1086555.0, -3956775.0 ] } },
{ "type": "Feature", "properties": { "time": "2023-09-22T03:00:13.861", "spatial_ref": 3577, "class": 400 }, "geometry": { "type": "Point", "coordinates": [ 1095585.0, -4025985.0 ] } },
{ "type": "Feature", "properties": { "time": "2023-09-22T03:00:13.861", "spatial_ref": 3577, "class": 400 }, "geometry": { "type": "Point", "coordinates": [ 1067235.0, -4008105.0 ] } },
{ "type": "Feature", "properties": { "time": "2023-09-22T03:00:13.861", "spatial_ref": 3577, "class": 400 }, "geometry": { "type": "Point", "coordinates": [ 1126545.0, -4006275.0 ] } },
{ "type": "Feature", "properties": { "time": "2023-09-22T03:00:13.861", "spatial_ref": 3577, "class": 400 }, "geometry": { "type": "Point", "coordinates": [ 1142445.0, -3957735.0 ] } },
{ "type": "Feature", "properties": { "time": "2023-09-22T03:00:13.861", "spatial_ref": 3577, "class": 400 }, "geometry": { "type": "Point", "coordinates": [ 1083645.0, -3989055.0 ] } },
{ "type": "Feature", "properties": { "time": "2023-09-22T03:00:13.861", "spatial_ref": 3577, "class": 400 }, "geometry": { "type": "Point", "coordinates": [ 1081755.0, -3942555.0 ] } },
{ "type": "Feature", "properties": { "time": "2023-09-22T03:00:13.861", "spatial_ref": 3577, "class": 400 }, "geometry": { "type": "Point", "coordinates": [ 1057515.0, -3985065.0 ] } },
{ "type": "Feature", "properties": { "time": "2023-09-22T03:00:13.861", "spatial_ref": 3577, "class": 400 }, "geometry": { "type": "Point", "coordinates": [ 1066605.0, -3948765.0 ] } },
{ "type": "Feature", "properties": { "time": "2023-09-22T03:00:13.861", "spatial_ref": 3577, "class": 400 }, "geometry": { "type": "Point", "coordinates": [ 1092285.0, -3982755.0 ] } },
{ "type": "Feature", "properties": { "time": "2023-09-22T03:00:13.861", "spatial_ref": 3577, "class": 400 }, "geometry": { "type": "Point", "coordinates": [ 1136475.0, -3963015.0 ] } },
{ "type": "Feature", "properties": { "time": "2023-09-22T03:00:13.861", "spatial_ref": 3577, "class": 400 }, "geometry": { "type": "Point", "coordinates": [ 1124955.0, -4017825.0 ] } },
{ "type": "Feature", "properties": { "time": "2023-09-22T03:00:13.861", "spatial_ref": 3577, "class": 400 }, "geometry": { "type": "Point", "coordinates": [ 1082265.0, -3936345.0 ] } },
{ "type": "Feature", "properties": { "time": "2023-09-22T03:00:13.861", "spatial_ref": 3577, "class": 400 }, "geometry": { "type": "Point", "coordinates": [ 1137795.0, -4009095.0 ] } },
{ "type": "Feature", "properties": { "time": "2023-09-22T03:00:13.861", "spatial_ref": 3577, "class": 400 }, "geometry": { "type": "Point", "coordinates": [ 1087125.0, -4004205.0 ] } },
{ "type": "Feature", "properties": { "time": "2023-09-22T03:00:13.861", "spatial_ref": 3577, "class": 400 }, "geometry": { "type": "Point", "coordinates": [ 1132275.0, -4019595.0 ] } },
{ "type": "Feature", "properties": { "time": "2023-09-22T03:00:13.861", "spatial_ref": 3577, "class": 400 }, "geometry": { "type": "Point", "coordinates": [ 1081995.0, -3949095.0 ] } },
{ "type": "Feature", "properties": { "time": "2023-09-22T03:00:13.861", "spatial_ref": 3577, "class": 400 }, "geometry": { "type": "Point", "coordinates": [ 1134825.0, -3963015.0 ] } },
{ "type": "Feature", "properties": { "time": "2023-09-22T03:00:13.861", "spatial_ref": 3577, "class": 400 }, "geometry": { "type": "Point", "coordinates": [ 1145145.0, -3938745.0 ] } },
{ "type": "Feature", "properties": { "time": "2023-09-22T03:00:13.861", "spatial_ref": 3577, "class": 400 }, "geometry": { "type": "Point", "coordinates": [ 1083255.0, -3976275.0 ] } },
{ "type": "Feature", "properties": { "time": "2023-09-22T03:00:13.861", "spatial_ref": 3577, "class": 400 }, "geometry": { "type": "Point", "coordinates": [ 1094445.0, -3986985.0 ] } },
{ "type": "Feature", "properties": { "time": "2023-09-22T03:00:13.861", "spatial_ref": 3577, "class": 400 }, "geometry": { "type": "Point", "coordinates": [ 1076595.0, -3982065.0 ] } },
{ "type": "Feature", "properties": { "time": "2023-09-22T03:00:13.861", "spatial_ref": 3577, "class": 400 }, "geometry": { "type": "Point", "coordinates": [ 1126065.0, -4012215.0 ] } },
{ "type": "Feature", "properties": { "time": "2023-09-22T03:00:13.861", "spatial_ref": 3577, "class": 400 }, "geometry": { "type": "Point", "coordinates": [ 1115565.0, -3947715.0 ] } },
{ "type": "Feature", "properties": { "time": "2023-09-22T03:00:13.861", "spatial_ref": 3577, "class": 400 }, "geometry": { "type": "Point", "coordinates": [ 1064175.0, -3976785.0 ] } },
{ "type": "Feature", "properties": { "time": "2023-09-22T03:00:13.861", "spatial_ref": 3577, "class": 400 }, "geometry": { "type": "Point", "coordinates": [ 1111965.0, -3951075.0 ] } },
{ "type": "Feature", "properties": { "time": "2023-09-22T03:00:13.861", "spatial_ref": 3577, "class": 400 }, "geometry": { "type": "Point", "coordinates": [ 1088595.0, -3961515.0 ] } },
{ "type": "Feature", "properties": { "time": "2023-09-22T03:00:13.861", "spatial_ref": 3577, "class": 400 }, "geometry": { "type": "Point", "coordinates": [ 1088745.0, -3985845.0 ] } },
{ "type": "Feature", "properties": { "time": "2023-09-22T03:00:13.861", "spatial_ref": 3577, "class": 400 }, "geometry": { "type": "Point", "coordinates": [ 1098645.0, -4027185.0 ] } },
{ "type": "Feature", "properties": { "time": "2023-09-22T03:00:13.861", "spatial_ref": 3577, "class": 400 }, "geometry": { "type": "Point", "coordinates": [ 1058565.0, -3992175.0 ] } },
{ "type": "Feature", "properties": { "time": "2023-09-22T03:00:13.861", "spatial_ref": 3577, "class": 400 }, "geometry": { "type": "Point", "coordinates": [ 1135305.0, -3947985.0 ] } },
{ "type": "Feature", "properties": { "time": "2023-09-22T03:00:13.861", "spatial_ref": 3577, "class": 400 }, "geometry": { "type": "Point", "coordinates": [ 1086795.0, -4024695.0 ] } },
{ "type": "Feature", "properties": { "time": "2023-09-22T03:00:13.861", "spatial_ref": 3577, "class": 400 }, "geometry": { "type": "Point", "coordinates": [ 1092495.0, -4001115.0 ] } },
{ "type": "Feature", "properties": { "time": "2023-09-22T03:00:13.861", "spatial_ref": 3577, "class": 400 }, "geometry": { "type": "Point", "coordinates": [ 1070955.0, -4020435.0 ] } },
{ "type": "Feature", "properties": { "time": "2023-09-22T03:00:13.861", "spatial_ref": 3577, "class": 400 }, "geometry": { "type": "Point", "coordinates": [ 1070475.0, -4031025.0 ] } },
{ "type": "Feature", "properties": { "time": "2023-09-22T03:00:13.861", "spatial_ref": 3577, "class": 400 }, "geometry": { "type": "Point", "coordinates": [ 1138845.0, -3955245.0 ] } },
{ "type": "Feature", "properties": { "time": "2023-09-22T03:00:13.861", "spatial_ref": 3577, "class": 400 }, "geometry": { "type": "Point", "coordinates": [ 1077345.0, -3941385.0 ] } },
{ "type": "Feature", "properties": { "time": "2023-09-22T03:00:13.861", "spatial_ref": 3577, "class": 400 }, "geometry": { "type": "Point", "coordinates": [ 1151355.0, -3981225.0 ] } },
{ "type": "Feature", "properties": { "time": "2023-09-22T03:00:13.861", "spatial_ref": 3577, "class": 400 }, "geometry": { "type": "Point", "coordinates": [ 1075635.0, -3960345.0 ] } },
{ "type": "Feature", "properties": { "time": "2023-09-22T03:00:13.861", "spatial_ref": 3577, "class": 400 }, "geometry": { "type": "Point", "coordinates": [ 1083375.0, -3959865.0 ] } },
{ "type": "Feature", "properties": { "time": "2023-09-22T03:00:13.861", "spatial_ref": 3577, "class": 400 }, "geometry": { "type": "Point", "coordinates": [ 1096395.0, -3957885.0 ] } },
{ "type": "Feature", "properties": { "time": "2023-09-22T03:00:13.861", "spatial_ref": 3577, "class": 400 }, "geometry": { "type": "Point", "coordinates": [ 1100715.0, -3943845.0 ] } },
{ "type": "Feature", "properties": { "time": "2023-09-22T03:00:13.861", "spatial_ref": 3577, "class": 400 }, "geometry": { "type": "Point", "coordinates": [ 1091805.0, -3958155.0 ] } },
{ "type": "Feature", "properties": { "time": "2023-09-22T03:00:13.861", "spatial_ref": 3577, "class": 400 }, "geometry": { "type": "Point", "coordinates": [ 1134375.0, -3947505.0 ] } },
{ "type": "Feature", "properties": { "time": "2023-09-22T03:00:13.861", "spatial_ref": 3577, "class": 400 }, "geometry": { "type": "Point", "coordinates": [ 1115535.0, -4025535.0 ] } },
{ "type": "Feature", "properties": { "time": "2023-09-22T03:00:13.861", "spatial_ref": 3577, "class": 400 }, "geometry": { "type": "Point", "coordinates": [ 1067685.0, -4000665.0 ] } },
{ "type": "Feature", "properties": { "time": "2023-09-22T03:00:13.861", "spatial_ref": 3577, "class": 400 }, "geometry": { "type": "Point", "coordinates": [ 1101645.0, -3936435.0 ] } },
{ "type": "Feature", "properties": { "time": "2023-09-22T03:00:13.861", "spatial_ref": 3577, "class": 400 }, "geometry": { "type": "Point", "coordinates": [ 1076445.0, -3985875.0 ] } },
{ "type": "Feature", "properties": { "time": "2023-09-22T03:00:13.861", "spatial_ref": 3577, "class": 400 }, "geometry": { "type": "Point", "coordinates": [ 1150095.0, -3939255.0 ] } },
{ "type": "Feature", "properties": { "time": "2023-09-22T03:00:13.861", "spatial_ref": 3577, "class": 400 }, "geometry": { "type": "Point", "coordinates": [ 1080465.0, -3987075.0 ] } },
{ "type": "Feature", "properties": { "time": "2023-09-22T03:00:13.861", "spatial_ref": 3577, "class": 400 }, "geometry": { "type": "Point", "coordinates": [ 1092735.0, -4014825.0 ] } },
{ "type": "Feature", "properties": { "time": "2023-09-22T03:00:13.861", "spatial_ref": 3577, "class": 400 }, "geometry": { "type": "Point", "coordinates": [ 1110105.0, -3948615.0 ] } },
{ "type": "Feature", "properties": { "time": "2023-09-22T03:00:13.861", "spatial_ref": 3577, "class": 400 }, "geometry": { "type": "Point", "coordinates": [ 1098645.0, -4026255.0 ] } },
{ "type": "Feature", "properties": { "time": "2023-09-22T03:00:13.861", "spatial_ref": 3577, "class": 400 }, "geometry": { "type": "Point", "coordinates": [ 1070325.0, -3959445.0 ] } },
{ "type": "Feature", "properties": { "time": "2023-09-22T03:00:13.861", "spatial_ref": 3577, "class": 400 }, "geometry": { "type": "Point", "coordinates": [ 1061955.0, -4000965.0 ] } },
{ "type": "Feature", "properties": { "time": "2023-09-22T03:00:13.861", "spatial_ref": 3577, "class": 400 }, "geometry": { "type": "Point", "coordinates": [ 1145925.0, -4025505.0 ] } },
{ "type": "Feature", "properties": { "time": "2023-09-22T03:00:13.861", "spatial_ref": 3577, "class": 400 }, "geometry": { "type": "Point", "coordinates": [ 1086615.0, -3965235.0 ] } },
{ "type": "Feature", "properties": { "time": "2023-09-22T03:00:13.861", "spatial_ref": 3577, "class": 400 }, "geometry": { "type": "Point", "coordinates": [ 1137915.0, -3944505.0 ] } },
{ "type": "Feature", "properties": { "time": "2023-09-22T03:00:13.861", "spatial_ref": 3577, "class": 400 }, "geometry": { "type": "Point", "coordinates": [ 1134615.0, -4021245.0 ] } },
{ "type": "Feature", "properties": { "time": "2023-09-22T03:00:13.861", "spatial_ref": 3577, "class": 400 }, "geometry": { "type": "Point", "coordinates": [ 1095885.0, -3965505.0 ] } },
{ "type": "Feature", "properties": { "time": "2023-09-22T03:00:13.861", "spatial_ref": 3577, "class": 400 }, "geometry": { "type": "Point", "coordinates": [ 1077195.0, -3945165.0 ] } },
{ "type": "Feature", "properties": { "time": "2023-09-22T03:00:13.861", "spatial_ref": 3577, "class": 400 }, "geometry": { "type": "Point", "coordinates": [ 1078335.0, -3948465.0 ] } },
{ "type": "Feature", "properties": { "time": "2023-09-22T03:00:13.861", "spatial_ref": 3577, "class": 400 }, "geometry": { "type": "Point", "coordinates": [ 1092225.0, -4009905.0 ] } },
{ "type": "Feature", "properties": { "time": "2023-09-22T03:00:13.861", "spatial_ref": 3577, "class": 400 }, "geometry": { "type": "Point", "coordinates": [ 1089645.0, -3944295.0 ] } },
{ "type": "Feature", "properties": { "time": "2023-09-22T03:00:13.861", "spatial_ref": 3577, "class": 400 }, "geometry": { "type": "Point", "coordinates": [ 1060545.0, -3988785.0 ] } },
{ "type": "Feature", "properties": { "time": "2023-09-22T03:00:13.861", "spatial_ref": 3577, "class": 400 }, "geometry": { "type": "Point", "coordinates": [ 1089675.0, -3999405.0 ] } },
{ "type": "Feature", "properties": { "time": "2023-09-22T03:00:13.861", "spatial_ref": 3577, "class": 400 }, "geometry": { "type": "Point", "coordinates": [ 1119525.0, -4021125.0 ] } },
{ "type": "Feature", "properties": { "time": "2023-09-22T03:00:13.861", "spatial_ref": 3577, "class": 400 }, "geometry": { "type": "Point", "coordinates": [ 1093125.0, -3961305.0 ] } },
{ "type": "Feature", "properties": { "time": "2023-09-22T03:00:13.861", "spatial_ref": 3577, "class": 400 }, "geometry": { "type": "Point", "coordinates": [ 1086975.0, -4000905.0 ] } },
{ "type": "Feature", "properties": { "time": "2023-09-22T03:00:13.861", "spatial_ref": 3577, "class": 400 }, "geometry": { "type": "Point", "coordinates": [ 1068975.0, -3964095.0 ] } },
{ "type": "Feature", "properties": { "time": "2023-09-22T03:00:13.861", "spatial_ref": 3577, "class": 400 }, "geometry": { "type": "Point", "coordinates": [ 1082895.0, -3951105.0 ] } },
{ "type": "Feature", "properties": { "time": "2023-09-22T03:00:13.861", "spatial_ref": 3577, "class": 400 }, "geometry": { "type": "Point", "coordinates": [ 1074735.0, -3957465.0 ] } },
{ "type": "Feature", "properties": { "time": "2023-09-22T03:00:13.861", "spatial_ref": 3577, "class": 400 }, "geometry": { "type": "Point", "coordinates": [ 1086915.0, -4003185.0 ] } },
{ "type": "Feature", "properties": { "time": "2023-09-22T03:00:13.861", "spatial_ref": 3577, "class": 400 }, "geometry": { "type": "Point", "coordinates": [ 1075395.0, -3956835.0 ] } },
{ "type": "Feature", "properties": { "time": "2023-09-22T03:00:13.861", "spatial_ref": 3577, "class": 400 }, "geometry": { "type": "Point", "coordinates": [ 1137945.0, -4012095.0 ] } },
{ "type": "Feature", "properties": { "time": "2023-09-22T03:00:13.861", "spatial_ref": 3577, "class": 400 }, "geometry": { "type": "Point", "coordinates": [ 1074405.0, -3967965.0 ] } },
{ "type": "Feature", "properties": { "time": "2023-09-22T03:00:13.861", "spatial_ref": 3577, "class": 400 }, "geometry": { "type": "Point", "coordinates": [ 1069995.0, -3955815.0 ] } },
{ "type": "Feature", "properties": { "time": "2023-09-22T03:00:13.861", "spatial_ref": 3577, "class": 400 }, "geometry": { "type": "Point", "coordinates": [ 1150965.0, -3941265.0 ] } },
{ "type": "Feature", "properties": { "time": "2023-09-22T03:00:13.861", "spatial_ref": 3577, "class": 400 }, "geometry": { "type": "Point", "coordinates": [ 1083825.0, -3966615.0 ] } },
{ "type": "Feature", "properties": { "time": "2023-09-22T03:00:13.861", "spatial_ref": 3577, "class": 400 }, "geometry": { "type": "Point", "coordinates": [ 1111125.0, -3979395.0 ] } },
{ "type": "Feature", "properties": { "time": "2023-09-22T03:00:13.861", "spatial_ref": 3577, "class": 400 }, "geometry": { "type": "Point", "coordinates": [ 1084935.0, -3976965.0 ] } },
{ "type": "Feature", "properties": { "time": "2023-09-22T03:00:13.861", "spatial_ref": 3577, "class": 400 }, "geometry": { "type": "Point", "coordinates": [ 1137165.0, -3942885.0 ] } },
{ "type": "Feature", "properties": { "time": "2023-09-22T03:00:13.861", "spatial_ref": 3577, "class": 400 }, "geometry": { "type": "Point", "coordinates": [ 1086915.0, -3966585.0 ] } },
{ "type": "Feature", "properties": { "time": "2023-09-22T03:00:13.861", "spatial_ref": 3577, "class": 400 }, "geometry": { "type": "Point", "coordinates": [ 1143975.0, -3937635.0 ] } },
{ "type": "Feature", "properties": { "time": "2023-09-22T03:00:13.861", "spatial_ref": 3577, "class": 400 }, "geometry": { "type": "Point", "coordinates": [ 1143705.0, -3950655.0 ] } },
{ "type": "Feature", "properties": { "time": "2023-09-22T03:00:13.861", "spatial_ref": 3577, "class": 400 }, "geometry": { "type": "Point", "coordinates": [ 1092975.0, -3979365.0 ] } },
{ "type": "Feature", "properties": { "time": "2023-09-22T03:00:13.861", "spatial_ref": 3577, "class": 400 }, "geometry": { "type": "Point", "coordinates": [ 1085805.0, -3989775.0 ] } },
{ "type": "Feature", "properties": { "time": "2023-09-22T03:00:13.861", "spatial_ref": 3577, "class": 400 }, "geometry": { "type": "Point", "coordinates": [ 1091085.0, -3976815.0 ] } },
{ "type": "Feature", "properties": { "time": "2023-09-22T03:00:13.861", "spatial_ref": 3577, "class": 400 }, "geometry": { "type": "Point", "coordinates": [ 1082415.0, -3947385.0 ] } },
{ "type": "Feature", "properties": { "time": "2023-09-22T03:00:13.861", "spatial_ref": 3577, "class": 400 }, "geometry": { "type": "Point", "coordinates": [ 1102125.0, -3970905.0 ] } },
{ "type": "Feature", "properties": { "time": "2023-09-22T03:00:13.861", "spatial_ref": 3577, "class": 400 }, "geometry": { "type": "Point", "coordinates": [ 1149525.0, -3952275.0 ] } },
{ "type": "Feature", "properties": { "time": "2023-09-22T03:00:13.861", "spatial_ref": 3577, "class": 400 }, "geometry": { "type": "Point", "coordinates": [ 1150335.0, -3973905.0 ] } },
{ "type": "Feature", "properties": { "time": "2023-09-22T03:00:13.861", "spatial_ref": 3577, "class": 400 }, "geometry": { "type": "Point", "coordinates": [ 1065495.0, -4016025.0 ] } },
{ "type": "Feature", "properties": { "time": "2023-09-22T03:00:13.861", "spatial_ref": 3577, "class": 400 }, "geometry": { "type": "Point", "coordinates": [ 1074885.0, -3965295.0 ] } },
{ "type": "Feature", "properties": { "time": "2023-09-22T03:00:13.861", "spatial_ref": 3577, "class": 400 }, "geometry": { "type": "Point", "coordinates": [ 1068195.0, -3958365.0 ] } },
{ "type": "Feature", "properties": { "time": "2023-09-22T03:00:13.861", "spatial_ref": 3577, "class": 400 }, "geometry": { "type": "Point", "coordinates": [ 1126635.0, -4020975.0 ] } },
{ "type": "Feature", "properties": { "time": "2023-09-22T03:00:13.861", "spatial_ref": 3577, "class": 400 }, "geometry": { "type": "Point", "coordinates": [ 1141095.0, -3944895.0 ] } },
{ "type": "Feature", "properties": { "time": "2023-09-22T03:00:13.861", "spatial_ref": 3577, "class": 400 }, "geometry": { "type": "Point", "coordinates": [ 1131405.0, -3951195.0 ] } },
{ "type": "Feature", "properties": { "time": "2023-09-22T03:00:13.861", "spatial_ref": 3577, "class": 400 }, "geometry": { "type": "Point", "coordinates": [ 1136625.0, -4012275.0 ] } },
{ "type": "Feature", "properties": { "time": "2023-09-22T03:00:13.861", "spatial_ref": 3577, "class": 400 }, "geometry": { "type": "Point", "coordinates": [ 1072455.0, -3972375.0 ] } },
{ "type": "Feature", "properties": { "time": "2023-09-22T03:00:13.861", "spatial_ref": 3577, "class": 400 }, "geometry": { "type": "Point", "coordinates": [ 1144095.0, -4031865.0 ] } },
{ "type": "Feature", "properties": { "time": "2023-09-22T03:00:13.861", "spatial_ref": 3577, "class": 400 }, "geometry": { "type": "Point", "coordinates": [ 1085775.0, -3967425.0 ] } },
{ "type": "Feature", "properties": { "time": "2023-09-22T03:00:13.861", "spatial_ref": 3577, "class": 400 }, "geometry": { "type": "Point", "coordinates": [ 1115145.0, -3942765.0 ] } },
{ "type": "Feature", "properties": { "time": "2023-09-22T03:00:13.861", "spatial_ref": 3577, "class": 400 }, "geometry": { "type": "Point", "coordinates": [ 1071015.0, -3965745.0 ] } },
{ "type": "Feature", "properties": { "time": "2023-09-22T03:00:13.861", "spatial_ref": 3577, "class": 400 }, "geometry": { "type": "Point", "coordinates": [ 1082895.0, -3981615.0 ] } },
{ "type": "Feature", "properties": { "time": "2023-09-22T03:00:13.861", "spatial_ref": 3577, "class": 400 }, "geometry": { "type": "Point", "coordinates": [ 1117545.0, -3982125.0 ] } },
{ "type": "Feature", "properties": { "time": "2023-09-22T03:00:13.861", "spatial_ref": 3577, "class": 400 }, "geometry": { "type": "Point", "coordinates": [ 1148355.0, -4025265.0 ] } },
{ "type": "Feature", "properties": { "time": "2023-09-22T03:00:13.861", "spatial_ref": 3577, "class": 400 }, "geometry": { "type": "Point", "coordinates": [ 1144035.0, -4031295.0 ] } },
{ "type": "Feature", "properties": { "time": "2023-09-22T03:00:13.861", "spatial_ref": 3577, "class": 400 }, "geometry": { "type": "Point", "coordinates": [ 1098105.0, -3955845.0 ] } },
{ "type": "Feature", "properties": { "time": "2023-09-22T03:00:13.861", "spatial_ref": 3577, "class": 400 }, "geometry": { "type": "Point", "coordinates": [ 1147815.0, -3939345.0 ] } },
{ "type": "Feature", "properties": { "time": "2023-09-22T03:00:13.861", "spatial_ref": 3577, "class": 400 }, "geometry": { "type": "Point", "coordinates": [ 1085445.0, -4017975.0 ] } },
{ "type": "Feature", "properties": { "time": "2023-09-22T03:00:13.861", "spatial_ref": 3577, "class": 400 }, "geometry": { "type": "Point", "coordinates": [ 1120035.0, -4019205.0 ] } },
{ "type": "Feature", "properties": { "time": "2023-09-22T03:00:13.861", "spatial_ref": 3577, "class": 400 }, "geometry": { "type": "Point", "coordinates": [ 1136595.0, -3945405.0 ] } },
{ "type": "Feature", "properties": { "time": "2023-09-22T03:00:13.861", "spatial_ref": 3577, "class": 400 }, "geometry": { "type": "Point", "coordinates": [ 1075395.0, -3958335.0 ] } },
{ "type": "Feature", "properties": { "time": "2023-09-22T03:00:13.861", "spatial_ref": 3577, "class": 400 }, "geometry": { "type": "Point", "coordinates": [ 1065015.0, -3981465.0 ] } },
{ "type": "Feature", "properties": { "time": "2023-09-22T03:00:13.861", "spatial_ref": 3577, "class": 400 }, "geometry": { "type": "Point", "coordinates": [ 1093785.0, -3958575.0 ] } },
{ "type": "Feature", "properties": { "time": "2023-09-22T03:00:13.861", "spatial_ref": 3577, "class": 400 }, "geometry": { "type": "Point", "coordinates": [ 1081845.0, -4021005.0 ] } },
{ "type": "Feature", "properties": { "time": "2023-09-22T03:00:13.861", "spatial_ref": 3577, "class": 400 }, "geometry": { "type": "Point", "coordinates": [ 1091925.0, -3960435.0 ] } },
{ "type": "Feature", "properties": { "time": "2023-09-22T03:00:13.861", "spatial_ref": 3577, "class": 400 }, "geometry": { "type": "Point", "coordinates": [ 1091055.0, -3952905.0 ] } },
{ "type": "Feature", "properties": { "time": "2023-09-22T03:00:13.861", "spatial_ref": 3577, "class": 400 }, "geometry": { "type": "Point", "coordinates": [ 1056705.0, -4003275.0 ] } },
{ "type": "Feature", "properties": { "time": "2023-09-22T03:00:13.861", "spatial_ref": 3577, "class": 400 }, "geometry": { "type": "Point", "coordinates": [ 1148055.0, -3974775.0 ] } },
{ "type": "Feature", "properties": { "time": "2023-09-22T03:00:13.861", "spatial_ref": 3577, "class": 400 }, "geometry": { "type": "Point", "coordinates": [ 1115445.0, -4021575.0 ] } },
{ "type": "Feature", "properties": { "time": "2023-09-22T03:00:13.861", "spatial_ref": 3577, "class": 400 }, "geometry": { "type": "Point", "coordinates": [ 1059705.0, -4006275.0 ] } },
{ "type": "Feature", "properties": { "time": "2023-09-22T03:00:13.861", "spatial_ref": 3577, "class": 400 }, "geometry": { "type": "Point", "coordinates": [ 1147395.0, -3949965.0 ] } },
{ "type": "Feature", "properties": { "time": "2023-09-22T03:00:13.861", "spatial_ref": 3577, "class": 400 }, "geometry": { "type": "Point", "coordinates": [ 1078755.0, -3956745.0 ] } },
{ "type": "Feature", "properties": { "time": "2023-09-22T03:00:13.861", "spatial_ref": 3577, "class": 400 }, "geometry": { "type": "Point", "coordinates": [ 1135875.0, -3959325.0 ] } },
{ "type": "Feature", "properties": { "time": "2023-09-22T03:00:13.861", "spatial_ref": 3577, "class": 400 }, "geometry": { "type": "Point", "coordinates": [ 1063065.0, -3960075.0 ] } },
{ "type": "Feature", "properties": { "time": "2023-09-22T03:00:13.861", "spatial_ref": 3577, "class": 400 }, "geometry": { "type": "Point", "coordinates": [ 1129605.0, -4019295.0 ] } },
{ "type": "Feature", "properties": { "time": "2023-09-22T03:00:13.861", "spatial_ref": 3577, "class": 400 }, "geometry": { "type": "Point", "coordinates": [ 1139055.0, -4017495.0 ] } },
{ "type": "Feature", "properties": { "time": "2023-09-22T03:00:13.861", "spatial_ref": 3577, "class": 400 }, "geometry": { "type": "Point", "coordinates": [ 1088715.0, -4005795.0 ] } },
{ "type": "Feature", "properties": { "time": "2023-09-22T03:00:13.861", "spatial_ref": 3577, "class": 400 }, "geometry": { "type": "Point", "coordinates": [ 1076115.0, -3946455.0 ] } },
{ "type": "Feature", "properties": { "time": "2023-09-22T03:00:13.861", "spatial_ref": 3577, "class": 400 }, "geometry": { "type": "Point", "coordinates": [ 1064475.0, -4014015.0 ] } },
{ "type": "Feature", "properties": { "time": "2023-09-22T03:00:13.861", "spatial_ref": 3577, "class": 400 }, "geometry": { "type": "Point", "coordinates": [ 1097205.0, -4005135.0 ] } },
{ "type": "Feature", "properties": { "time": "2023-09-22T03:00:13.861", "spatial_ref": 3577, "class": 400 }, "geometry": { "type": "Point", "coordinates": [ 1085205.0, -3957075.0 ] } },
{ "type": "Feature", "properties": { "time": "2023-09-22T03:00:13.861", "spatial_ref": 3577, "class": 400 }, "geometry": { "type": "Point", "coordinates": [ 1147965.0, -4019055.0 ] } },
{ "type": "Feature", "properties": { "time": "2023-09-22T03:00:13.861", "spatial_ref": 3577, "class": 400 }, "geometry": { "type": "Point", "coordinates": [ 1099455.0, -3965955.0 ] } },
{ "type": "Feature", "properties": { "time": "2023-09-22T03:00:13.861", "spatial_ref": 3577, "class": 400 }, "geometry": { "type": "Point", "coordinates": [ 1061355.0, -4009725.0 ] } },
{ "type": "Feature", "properties": { "time": "2023-09-22T03:00:13.861", "spatial_ref": 3577, "class": 400 }, "geometry": { "type": "Point", "coordinates": [ 1077345.0, -4001145.0 ] } },
{ "type": "Feature", "properties": { "time": "2023-09-22T03:00:13.861", "spatial_ref": 3577, "class": 400 }, "geometry": { "type": "Point", "coordinates": [ 1076205.0, -3985275.0 ] } },
{ "type": "Feature", "properties": { "time": "2023-09-22T03:00:13.861", "spatial_ref": 3577, "class": 400 }, "geometry": { "type": "Point", "coordinates": [ 1098315.0, -3964245.0 ] } },
{ "type": "Feature", "properties": { "time": "2023-09-22T03:00:13.861", "spatial_ref": 3577, "class": 400 }, "geometry": { "type": "Point", "coordinates": [ 1089465.0, -4002045.0 ] } },
{ "type": "Feature", "properties": { "time": "2023-09-22T03:00:13.861", "spatial_ref": 3577, "class": 400 }, "geometry": { "type": "Point", "coordinates": [ 1073265.0, -3951315.0 ] } },
{ "type": "Feature", "properties": { "time": "2023-09-22T03:00:13.861", "spatial_ref": 3577, "class": 400 }, "geometry": { "type": "Point", "coordinates": [ 1069575.0, -4005225.0 ] } },
{ "type": "Feature", "properties": { "time": "2023-09-22T03:00:13.861", "spatial_ref": 3577, "class": 400 }, "geometry": { "type": "Point", "coordinates": [ 1096365.0, -3971925.0 ] } },
{ "type": "Feature", "properties": { "time": "2023-09-22T03:00:13.861", "spatial_ref": 3577, "class": 400 }, "geometry": { "type": "Point", "coordinates": [ 1107045.0, -3970635.0 ] } },
{ "type": "Feature", "properties": { "time": "2023-09-22T03:00:13.861", "spatial_ref": 3577, "class": 400 }, "geometry": { "type": "Point", "coordinates": [ 1088715.0, -3985305.0 ] } },
{ "type": "Feature", "properties": { "time": "2023-09-22T03:00:13.861", "spatial_ref": 3577, "class": 400 }, "geometry": { "type": "Point", "coordinates": [ 1106445.0, -3936345.0 ] } },
{ "type": "Feature", "properties": { "time": "2023-09-22T03:00:13.861", "spatial_ref": 3577, "class": 400 }, "geometry": { "type": "Point", "coordinates": [ 1091565.0, -4017465.0 ] } },
{ "type": "Feature", "properties": { "time": "2023-09-22T03:00:13.861", "spatial_ref": 3577, "class": 400 }, "geometry": { "type": "Point", "coordinates": [ 1145625.0, -3968655.0 ] } },
{ "type": "Feature", "properties": { "time": "2023-09-22T03:00:13.861", "spatial_ref": 3577, "class": 400 }, "geometry": { "type": "Point", "coordinates": [ 1093965.0, -3987045.0 ] } },
{ "type": "Feature", "properties": { "time": "2023-09-22T03:00:13.861", "spatial_ref": 3577, "class": 400 }, "geometry": { "type": "Point", "coordinates": [ 1069515.0, -3982125.0 ] } },
{ "type": "Feature", "properties": { "time": "2023-09-22T03:00:13.861", "spatial_ref": 3577, "class": 400 }, "geometry": { "type": "Point", "coordinates": [ 1144665.0, -3969705.0 ] } },
{ "type": "Feature", "properties": { "time": "2023-09-22T03:00:13.861", "spatial_ref": 3577, "class": 400 }, "geometry": { "type": "Point", "coordinates": [ 1069875.0, -3936285.0 ] } },
{ "type": "Feature", "properties": { "time": "2023-09-22T03:00:13.861", "spatial_ref": 3577, "class": 400 }, "geometry": { "type": "Point", "coordinates": [ 1093635.0, -3970725.0 ] } },
{ "type": "Feature", "properties": { "time": "2023-09-22T03:00:13.861", "spatial_ref": 3577, "class": 400 }, "geometry": { "type": "Point", "coordinates": [ 1080375.0, -3951915.0 ] } },
{ "type": "Feature", "properties": { "time": "2023-09-22T03:00:13.861", "spatial_ref": 3577, "class": 400 }, "geometry": { "type": "Point", "coordinates": [ 1141305.0, -3949515.0 ] } },
{ "type": "Feature", "properties": { "time": "2023-09-22T03:00:13.861", "spatial_ref": 3577, "class": 400 }, "geometry": { "type": "Point", "coordinates": [ 1135545.0, -4009995.0 ] } },
{ "type": "Feature", "properties": { "time": "2023-09-22T03:00:13.861", "spatial_ref": 3577, "class": 400 }, "geometry": { "type": "Point", "coordinates": [ 1060545.0, -3992325.0 ] } },
{ "type": "Feature", "properties": { "time": "2023-09-22T03:00:13.861", "spatial_ref": 3577, "class": 400 }, "geometry": { "type": "Point", "coordinates": [ 1144455.0, -3966615.0 ] } },
{ "type": "Feature", "properties": { "time": "2023-09-22T03:00:13.861", "spatial_ref": 3577, "class": 400 }, "geometry": { "type": "Point", "coordinates": [ 1073655.0, -3964695.0 ] } },
{ "type": "Feature", "properties": { "time": "2023-09-22T03:00:13.861", "spatial_ref": 3577, "class": 400 }, "geometry": { "type": "Point", "coordinates": [ 1135095.0, -4000275.0 ] } },
{ "type": "Feature", "properties": { "time": "2023-09-22T03:00:13.861", "spatial_ref": 3577, "class": 400 }, "geometry": { "type": "Point", "coordinates": [ 1080105.0, -3950955.0 ] } },
{ "type": "Feature", "properties": { "time": "2023-09-22T03:00:13.861", "spatial_ref": 3577, "class": 400 }, "geometry": { "type": "Point", "coordinates": [ 1099575.0, -3963375.0 ] } },
{ "type": "Feature", "properties": { "time": "2023-09-22T03:00:13.861", "spatial_ref": 3577, "class": 400 }, "geometry": { "type": "Point", "coordinates": [ 1137525.0, -4008765.0 ] } },
{ "type": "Feature", "properties": { "time": "2023-09-22T03:00:13.861", "spatial_ref": 3577, "class": 400 }, "geometry": { "type": "Point", "coordinates": [ 1072095.0, -3956565.0 ] } },
{ "type": "Feature", "properties": { "time": "2023-09-22T03:00:13.861", "spatial_ref": 3577, "class": 400 }, "geometry": { "type": "Point", "coordinates": [ 1086735.0, -3990735.0 ] } },
{ "type": "Feature", "properties": { "time": "2023-09-22T03:00:13.861", "spatial_ref": 3577, "class": 400 }, "geometry": { "type": "Point", "coordinates": [ 1063815.0, -4016085.0 ] } },
{ "type": "Feature", "properties": { "time": "2023-09-22T03:00:13.861", "spatial_ref": 3577, "class": 400 }, "geometry": { "type": "Point", "coordinates": [ 1083555.0, -3959385.0 ] } },
{ "type": "Feature", "properties": { "time": "2023-09-22T03:00:13.861", "spatial_ref": 3577, "class": 400 }, "geometry": { "type": "Point", "coordinates": [ 1091835.0, -3955095.0 ] } },
{ "type": "Feature", "properties": { "time": "2023-09-22T03:00:13.861", "spatial_ref": 3577, "class": 400 }, "geometry": { "type": "Point", "coordinates": [ 1149885.0, -3942255.0 ] } },
{ "type": "Feature", "properties": { "time": "2023-09-22T03:00:13.861", "spatial_ref": 3577, "class": 400 }, "geometry": { "type": "Point", "coordinates": [ 1070445.0, -4020435.0 ] } },
{ "type": "Feature", "properties": { "time": "2023-09-22T03:00:13.861", "spatial_ref": 3577, "class": 400 }, "geometry": { "type": "Point", "coordinates": [ 1077015.0, -4017375.0 ] } },
{ "type": "Feature", "properties": { "time": "2023-09-22T03:00:13.861", "spatial_ref": 3577, "class": 400 }, "geometry": { "type": "Point", "coordinates": [ 1084095.0, -3966735.0 ] } },
{ "type": "Feature", "properties": { "time": "2023-09-22T03:00:13.861", "spatial_ref": 3577, "class": 400 }, "geometry": { "type": "Point", "coordinates": [ 1132305.0, -3951675.0 ] } },
{ "type": "Feature", "properties": { "time": "2023-09-22T03:00:13.861", "spatial_ref": 3577, "class": 400 }, "geometry": { "type": "Point", "coordinates": [ 1081635.0, -3938205.0 ] } },
{ "type": "Feature", "properties": { "time": "2023-09-22T03:00:13.861", "spatial_ref": 3577, "class": 400 }, "geometry": { "type": "Point", "coordinates": [ 1119855.0, -4022655.0 ] } },
{ "type": "Feature", "properties": { "time": "2023-09-22T03:00:13.861", "spatial_ref": 3577, "class": 400 }, "geometry": { "type": "Point", "coordinates": [ 1074675.0, -3951885.0 ] } },
{ "type": "Feature", "properties": { "time": "2023-09-22T03:00:13.861", "spatial_ref": 3577, "class": 400 }, "geometry": { "type": "Point", "coordinates": [ 1070085.0, -3942345.0 ] } },
{ "type": "Feature", "properties": { "time": "2023-09-22T03:00:13.861", "spatial_ref": 3577, "class": 400 }, "geometry": { "type": "Point", "coordinates": [ 1069005.0, -3966255.0 ] } },
{ "type": "Feature", "properties": { "time": "2023-09-22T03:00:13.861", "spatial_ref": 3577, "class": 400 }, "geometry": { "type": "Point", "coordinates": [ 1133895.0, -3955365.0 ] } },
{ "type": "Feature", "properties": { "time": "2023-09-22T03:00:13.861", "spatial_ref": 3577, "class": 400 }, "geometry": { "type": "Point", "coordinates": [ 1133355.0, -4014885.0 ] } },
{ "type": "Feature", "properties": { "time": "2023-09-22T03:00:13.861", "spatial_ref": 3577, "class": 400 }, "geometry": { "type": "Point", "coordinates": [ 1082775.0, -3978585.0 ] } },
{ "type": "Feature", "properties": { "time": "2023-09-22T03:00:13.861", "spatial_ref": 3577, "class": 400 }, "geometry": { "type": "Point", "coordinates": [ 1088895.0, -4023345.0 ] } },
{ "type": "Feature", "properties": { "time": "2023-09-22T03:00:13.861", "spatial_ref": 3577, "class": 400 }, "geometry": { "type": "Point", "coordinates": [ 1109985.0, -3943635.0 ] } },
{ "type": "Feature", "properties": { "time": "2023-09-22T03:00:13.861", "spatial_ref": 3577, "class": 400 }, "geometry": { "type": "Point", "coordinates": [ 1070925.0, -4029705.0 ] } },
{ "type": "Feature", "properties": { "time": "2023-09-22T03:00:13.861", "spatial_ref": 3577, "class": 400 }, "geometry": { "type": "Point", "coordinates": [ 1130835.0, -4005435.0 ] } },
{ "type": "Feature", "properties": { "time": "2023-09-22T03:00:13.861", "spatial_ref": 3577, "class": 400 }, "geometry": { "type": "Point", "coordinates": [ 1138515.0, -3944865.0 ] } },
{ "type": "Feature", "properties": { "time": "2023-09-22T03:00:13.861", "spatial_ref": 3577, "class": 400 }, "geometry": { "type": "Point", "coordinates": [ 1151925.0, -3995895.0 ] } },
{ "type": "Feature", "properties": { "time": "2023-09-22T03:00:13.861", "spatial_ref": 3577, "class": 400 }, "geometry": { "type": "Point", "coordinates": [ 1126125.0, -4011585.0 ] } },
{ "type": "Feature", "properties": { "time": "2023-09-22T03:00:13.861", "spatial_ref": 3577, "class": 400 }, "geometry": { "type": "Point", "coordinates": [ 1098285.0, -3964545.0 ] } },
{ "type": "Feature", "properties": { "time": "2023-09-22T03:00:13.861", "spatial_ref": 3577, "class": 400 }, "geometry": { "type": "Point", "coordinates": [ 1070595.0, -4018665.0 ] } },
{ "type": "Feature", "properties": { "time": "2023-09-22T03:00:13.861", "spatial_ref": 3577, "class": 400 }, "geometry": { "type": "Point", "coordinates": [ 1082145.0, -4007175.0 ] } },
{ "type": "Feature", "properties": { "time": "2023-09-22T03:00:13.861", "spatial_ref": 3577, "class": 400 }, "geometry": { "type": "Point", "coordinates": [ 1126815.0, -3964905.0 ] } },
{ "type": "Feature", "properties": { "time": "2023-09-22T03:00:13.861", "spatial_ref": 3577, "class": 400 }, "geometry": { "type": "Point", "coordinates": [ 1143495.0, -4016685.0 ] } },
{ "type": "Feature", "properties": { "time": "2023-09-22T03:00:13.861", "spatial_ref": 3577, "class": 400 }, "geometry": { "type": "Point", "coordinates": [ 1077855.0, -4004715.0 ] } },
{ "type": "Feature", "properties": { "time": "2023-09-22T03:00:13.861", "spatial_ref": 3577, "class": 400 }, "geometry": { "type": "Point", "coordinates": [ 1093605.0, -3970965.0 ] } },
{ "type": "Feature", "properties": { "time": "2023-09-22T03:00:13.861", "spatial_ref": 3577, "class": 400 }, "geometry": { "type": "Point", "coordinates": [ 1071495.0, -3952245.0 ] } },
{ "type": "Feature", "properties": { "time": "2023-09-22T03:00:13.861", "spatial_ref": 3577, "class": 400 }, "geometry": { "type": "Point", "coordinates": [ 1077135.0, -3942165.0 ] } },
{ "type": "Feature", "properties": { "time": "2023-09-22T03:00:13.861", "spatial_ref": 3577, "class": 400 }, "geometry": { "type": "Point", "coordinates": [ 1070295.0, -3942975.0 ] } },
{ "type": "Feature", "properties": { "time": "2023-09-22T03:00:13.861", "spatial_ref": 3577, "class": 400 }, "geometry": { "type": "Point", "coordinates": [ 1134555.0, -4021515.0 ] } },
{ "type": "Feature", "properties": { "time": "2023-09-22T03:00:13.861", "spatial_ref": 3577, "class": 400 }, "geometry": { "type": "Point", "coordinates": [ 1092615.0, -4027215.0 ] } },
{ "type": "Feature", "properties": { "time": "2023-09-22T03:00:13.861", "spatial_ref": 3577, "class": 400 }, "geometry": { "type": "Point", "coordinates": [ 1146285.0, -3973305.0 ] } },
{ "type": "Feature", "properties": { "time": "2023-09-22T03:00:13.861", "spatial_ref": 3577, "class": 400 }, "geometry": { "type": "Point", "coordinates": [ 1128465.0, -4008975.0 ] } },
{ "type": "Feature", "properties": { "time": "2023-09-22T03:00:13.861", "spatial_ref": 3577, "class": 400 }, "geometry": { "type": "Point", "coordinates": [ 1121385.0, -4019715.0 ] } },
{ "type": "Feature", "properties": { "time": "2023-09-22T03:00:13.861", "spatial_ref": 3577, "class": 400 }, "geometry": { "type": "Point", "coordinates": [ 1144725.0, -4026585.0 ] } },
{ "type": "Feature", "properties": { "time": "2023-09-22T03:00:13.861", "spatial_ref": 3577, "class": 400 }, "geometry": { "type": "Point", "coordinates": [ 1071615.0, -4024575.0 ] } },
{ "type": "Feature", "properties": { "time": "2023-09-22T03:00:13.861", "spatial_ref": 3577, "class": 400 }, "geometry": { "type": "Point", "coordinates": [ 1071645.0, -3965025.0 ] } },
{ "type": "Feature", "properties": { "time": "2023-09-22T03:00:13.861", "spatial_ref": 3577, "class": 400 }, "geometry": { "type": "Point", "coordinates": [ 1119165.0, -4012305.0 ] } },
{ "type": "Feature", "properties": { "time": "2023-09-22T03:00:13.861", "spatial_ref": 3577, "class": 400 }, "geometry": { "type": "Point", "coordinates": [ 1131945.0, -3984105.0 ] } },
{ "type": "Feature", "properties": { "time": "2023-09-22T03:00:13.861", "spatial_ref": 3577, "class": 400 }, "geometry": { "type": "Point", "coordinates": [ 1096125.0, -3966225.0 ] } },
{ "type": "Feature", "properties": { "time": "2023-09-22T03:00:13.861", "spatial_ref": 3577, "class": 400 }, "geometry": { "type": "Point", "coordinates": [ 1082205.0, -3961635.0 ] } },
{ "type": "Feature", "properties": { "time": "2023-09-22T03:00:13.861", "spatial_ref": 3577, "class": 400 }, "geometry": { "type": "Point", "coordinates": [ 1090875.0, -3988875.0 ] } },
{ "type": "Feature", "properties": { "time": "2023-09-22T03:00:13.861", "spatial_ref": 3577, "class": 400 }, "geometry": { "type": "Point", "coordinates": [ 1129665.0, -4021155.0 ] } },
{ "type": "Feature", "properties": { "time": "2023-09-22T03:00:13.861", "spatial_ref": 3577, "class": 400 }, "geometry": { "type": "Point", "coordinates": [ 1084185.0, -3962775.0 ] } },
{ "type": "Feature", "properties": { "time": "2023-09-22T03:00:13.861", "spatial_ref": 3577, "class": 400 }, "geometry": { "type": "Point", "coordinates": [ 1074555.0, -3957885.0 ] } },
{ "type": "Feature", "properties": { "time": "2023-09-22T03:00:13.861", "spatial_ref": 3577, "class": 400 }, "geometry": { "type": "Point", "coordinates": [ 1086015.0, -3968595.0 ] } },
{ "type": "Feature", "properties": { "time": "2023-09-22T03:00:13.861", "spatial_ref": 3577, "class": 400 }, "geometry": { "type": "Point", "coordinates": [ 1074225.0, -4025835.0 ] } },
{ "type": "Feature", "properties": { "time": "2023-09-22T03:00:13.861", "spatial_ref": 3577, "class": 400 }, "geometry": { "type": "Point", "coordinates": [ 1118775.0, -4019775.0 ] } },
{ "type": "Feature", "properties": { "time": "2023-09-22T03:00:13.861", "spatial_ref": 3577, "class": 400 }, "geometry": { "type": "Point", "coordinates": [ 1110855.0, -3982215.0 ] } },
{ "type": "Feature", "properties": { "time": "2023-09-22T03:00:13.861", "spatial_ref": 3577, "class": 400 }, "geometry": { "type": "Point", "coordinates": [ 1084905.0, -4018845.0 ] } },
{ "type": "Feature", "properties": { "time": "2023-09-22T03:00:13.861", "spatial_ref": 3577, "class": 400 }, "geometry": { "type": "Point", "coordinates": [ 1112685.0, -3980805.0 ] } },
{ "type": "Feature", "properties": { "time": "2023-09-22T03:00:13.861", "spatial_ref": 3577, "class": 400 }, "geometry": { "type": "Point", "coordinates": [ 1069575.0, -3984885.0 ] } },
{ "type": "Feature", "properties": { "time": "2023-09-22T03:00:13.861", "spatial_ref": 3577, "class": 400 }, "geometry": { "type": "Point", "coordinates": [ 1140405.0, -3987585.0 ] } },
{ "type": "Feature", "properties": { "time": "2023-09-22T03:00:13.861", "spatial_ref": 3577, "class": 400 }, "geometry": { "type": "Point", "coordinates": [ 1107465.0, -3969045.0 ] } },
{ "type": "Feature", "properties": { "time": "2023-09-22T03:00:13.861", "spatial_ref": 3577, "class": 400 }, "geometry": { "type": "Point", "coordinates": [ 1072395.0, -3982365.0 ] } },
{ "type": "Feature", "properties": { "time": "2023-09-22T03:00:13.861", "spatial_ref": 3577, "class": 400 }, "geometry": { "type": "Point", "coordinates": [ 1128135.0, -3967245.0 ] } },
{ "type": "Feature", "properties": { "time": "2023-09-22T03:00:13.861", "spatial_ref": 3577, "class": 400 }, "geometry": { "type": "Point", "coordinates": [ 1092285.0, -4023315.0 ] } },
{ "type": "Feature", "properties": { "time": "2023-09-22T03:00:13.861", "spatial_ref": 3577, "class": 400 }, "geometry": { "type": "Point", "coordinates": [ 1115025.0, -3979275.0 ] } },
{ "type": "Feature", "properties": { "time": "2023-09-22T03:00:13.861", "spatial_ref": 3577, "class": 400 }, "geometry": { "type": "Point", "coordinates": [ 1112895.0, -4021395.0 ] } },
{ "type": "Feature", "properties": { "time": "2023-09-22T03:00:13.861", "spatial_ref": 3577, "class": 400 }, "geometry": { "type": "Point", "coordinates": [ 1150545.0, -3940515.0 ] } },
{ "type": "Feature", "properties": { "time": "2023-09-22T03:00:13.861", "spatial_ref": 3577, "class": 400 }, "geometry": { "type": "Point", "coordinates": [ 1069515.0, -4007115.0 ] } },
{ "type": "Feature", "properties": { "time": "2023-09-22T03:00:13.861", "spatial_ref": 3577, "class": 400 }, "geometry": { "type": "Point", "coordinates": [ 1135635.0, -3955725.0 ] } },
{ "type": "Feature", "properties": { "time": "2023-09-22T03:00:13.861", "spatial_ref": 3577, "class": 400 }, "geometry": { "type": "Point", "coordinates": [ 1122705.0, -4011465.0 ] } },
{ "type": "Feature", "properties": { "time": "2023-09-22T03:00:13.861", "spatial_ref": 3577, "class": 400 }, "geometry": { "type": "Point", "coordinates": [ 1129065.0, -4007955.0 ] } },
{ "type": "Feature", "properties": { "time": "2023-09-22T03:00:13.861", "spatial_ref": 3577, "class": 400 }, "geometry": { "type": "Point", "coordinates": [ 1141605.0, -4029135.0 ] } },
{ "type": "Feature", "properties": { "time": "2023-09-22T03:00:13.861", "spatial_ref": 3577, "class": 400 }, "geometry": { "type": "Point", "coordinates": [ 1073325.0, -3963225.0 ] } },
{ "type": "Feature", "properties": { "time": "2023-09-22T03:00:13.861", "spatial_ref": 3577, "class": 400 }, "geometry": { "type": "Point", "coordinates": [ 1088775.0, -4021845.0 ] } },
{ "type": "Feature", "properties": { "time": "2023-09-22T03:00:13.861", "spatial_ref": 3577, "class": 400 }, "geometry": { "type": "Point", "coordinates": [ 1098315.0, -3974685.0 ] } },
{ "type": "Feature", "properties": { "time": "2023-09-22T03:00:13.861", "spatial_ref": 3577, "class": 400 }, "geometry": { "type": "Point", "coordinates": [ 1128615.0, -3978045.0 ] } },
{ "type": "Feature", "properties": { "time": "2023-09-22T03:00:13.861", "spatial_ref": 3577, "class": 400 }, "geometry": { "type": "Point", "coordinates": [ 1119555.0, -4021515.0 ] } },
{ "type": "Feature", "properties": { "time": "2023-09-22T03:00:13.861", "spatial_ref": 3577, "class": 400 }, "geometry": { "type": "Point", "coordinates": [ 1110915.0, -3981465.0 ] } },
{ "type": "Feature", "properties": { "time": "2023-09-22T03:00:13.861", "spatial_ref": 3577, "class": 400 }, "geometry": { "type": "Point", "coordinates": [ 1067355.0, -3963195.0 ] } },
{ "type": "Feature", "properties": { "time": "2023-09-22T03:00:13.861", "spatial_ref": 3577, "class": 400 }, "geometry": { "type": "Point", "coordinates": [ 1083315.0, -3943635.0 ] } },
{ "type": "Feature", "properties": { "time": "2023-09-22T03:00:13.861", "spatial_ref": 3577, "class": 400 }, "geometry": { "type": "Point", "coordinates": [ 1057965.0, -4006515.0 ] } },
{ "type": "Feature", "properties": { "time": "2023-09-22T03:00:13.861", "spatial_ref": 3577, "class": 400 }, "geometry": { "type": "Point", "coordinates": [ 1125435.0, -3988185.0 ] } },
{ "type": "Feature", "properties": { "time": "2023-09-22T03:00:13.861", "spatial_ref": 3577, "class": 400 }, "geometry": { "type": "Point", "coordinates": [ 1104015.0, -3975435.0 ] } },
{ "type": "Feature", "properties": { "time": "2023-09-22T03:00:13.861", "spatial_ref": 3577, "class": 400 }, "geometry": { "type": "Point", "coordinates": [ 1126185.0, -3962835.0 ] } },
{ "type": "Feature", "properties": { "time": "2023-09-22T03:00:13.861", "spatial_ref": 3577, "class": 400 }, "geometry": { "type": "Point", "coordinates": [ 1136205.0, -3938505.0 ] } },
{ "type": "Feature", "properties": { "time": "2023-09-22T03:00:13.861", "spatial_ref": 3577, "class": 400 }, "geometry": { "type": "Point", "coordinates": [ 1138725.0, -3965805.0 ] } },
{ "type": "Feature", "properties": { "time": "2023-09-22T03:00:13.861", "spatial_ref": 3577, "class": 400 }, "geometry": { "type": "Point", "coordinates": [ 1144395.0, -3955185.0 ] } },
{ "type": "Feature", "properties": { "time": "2023-09-22T03:00:13.861", "spatial_ref": 3577, "class": 400 }, "geometry": { "type": "Point", "coordinates": [ 1073055.0, -3982815.0 ] } },
{ "type": "Feature", "properties": { "time": "2023-09-22T03:00:13.861", "spatial_ref": 3577, "class": 400 }, "geometry": { "type": "Point", "coordinates": [ 1091025.0, -3943995.0 ] } },
{ "type": "Feature", "properties": { "time": "2023-09-22T03:00:13.861", "spatial_ref": 3577, "class": 400 }, "geometry": { "type": "Point", "coordinates": [ 1138545.0, -3980055.0 ] } },
{ "type": "Feature", "properties": { "time": "2023-09-22T03:00:13.861", "spatial_ref": 3577, "class": 400 }, "geometry": { "type": "Point", "coordinates": [ 1081965.0, -3980805.0 ] } },
{ "type": "Feature", "properties": { "time": "2023-09-22T03:00:13.861", "spatial_ref": 3577, "class": 400 }, "geometry": { "type": "Point", "coordinates": [ 1115325.0, -3972915.0 ] } },
{ "type": "Feature", "properties": { "time": "2023-09-22T03:00:13.861", "spatial_ref": 3577, "class": 400 }, "geometry": { "type": "Point", "coordinates": [ 1135515.0, -3981645.0 ] } },
{ "type": "Feature", "properties": { "time": "2023-09-22T03:00:13.861", "spatial_ref": 3577, "class": 400 }, "geometry": { "type": "Point", "coordinates": [ 1117995.0, -3980835.0 ] } },
{ "type": "Feature", "properties": { "time": "2023-09-22T03:00:13.861", "spatial_ref": 3577, "class": 400 }, "geometry": { "type": "Point", "coordinates": [ 1131825.0, -3947025.0 ] } },
{ "type": "Feature", "properties": { "time": "2023-09-22T03:00:13.861", "spatial_ref": 3577, "class": 400 }, "geometry": { "type": "Point", "coordinates": [ 1108905.0, -4030695.0 ] } },
{ "type": "Feature", "properties": { "time": "2023-09-22T03:00:13.861", "spatial_ref": 3577, "class": 400 }, "geometry": { "type": "Point", "coordinates": [ 1140795.0, -4001355.0 ] } },
{ "type": "Feature", "properties": { "time": "2023-09-22T03:00:13.861", "spatial_ref": 3577, "class": 400 }, "geometry": { "type": "Point", "coordinates": [ 1146345.0, -3952785.0 ] } },
{ "type": "Feature", "properties": { "time": "2023-09-22T03:00:13.861", "spatial_ref": 3577, "class": 400 }, "geometry": { "type": "Point", "coordinates": [ 1134345.0, -3942885.0 ] } },
{ "type": "Feature", "properties": { "time": "2023-09-22T03:00:13.861", "spatial_ref": 3577, "class": 400 }, "geometry": { "type": "Point", "coordinates": [ 1129335.0, -4013025.0 ] } },
{ "type": "Feature", "properties": { "time": "2023-09-22T03:00:13.861", "spatial_ref": 3577, "class": 400 }, "geometry": { "type": "Point", "coordinates": [ 1133505.0, -4009725.0 ] } },
{ "type": "Feature", "properties": { "time": "2023-09-22T03:00:13.861", "spatial_ref": 3577, "class": 400 }, "geometry": { "type": "Point", "coordinates": [ 1143705.0, -3984135.0 ] } },
{ "type": "Feature", "properties": { "time": "2023-09-22T03:00:13.861", "spatial_ref": 3577, "class": 400 }, "geometry": { "type": "Point", "coordinates": [ 1096545.0, -3990075.0 ] } },
{ "type": "Feature", "properties": { "time": "2023-09-22T03:00:13.861", "spatial_ref": 3577, "class": 400 }, "geometry": { "type": "Point", "coordinates": [ 1083345.0, -3979275.0 ] } },
{ "type": "Feature", "properties": { "time": "2023-09-22T03:00:13.861", "spatial_ref": 3577, "class": 400 }, "geometry": { "type": "Point", "coordinates": [ 1129305.0, -4029645.0 ] } },
{ "type": "Feature", "properties": { "time": "2023-09-22T03:00:13.861", "spatial_ref": 3577, "class": 400 }, "geometry": { "type": "Point", "coordinates": [ 1142985.0, -3942285.0 ] } },
{ "type": "Feature", "properties": { "time": "2023-09-22T03:00:13.861", "spatial_ref": 3577, "class": 400 }, "geometry": { "type": "Point", "coordinates": [ 1065735.0, -4014195.0 ] } },
{ "type": "Feature", "properties": { "time": "2023-09-22T03:00:13.861", "spatial_ref": 3577, "class": 400 }, "geometry": { "type": "Point", "coordinates": [ 1091775.0, -4019175.0 ] } },
{ "type": "Feature", "properties": { "time": "2023-09-22T03:00:13.861", "spatial_ref": 3577, "class": 400 }, "geometry": { "type": "Point", "coordinates": [ 1094175.0, -3951015.0 ] } },
{ "type": "Feature", "properties": { "time": "2023-09-22T03:00:13.861", "spatial_ref": 3577, "class": 400 }, "geometry": { "type": "Point", "coordinates": [ 1094985.0, -4014645.0 ] } },
{ "type": "Feature", "properties": { "time": "2023-09-22T03:00:13.861", "spatial_ref": 3577, "class": 400 }, "geometry": { "type": "Point", "coordinates": [ 1068855.0, -3979965.0 ] } },
{ "type": "Feature", "properties": { "time": "2023-09-22T03:00:13.861", "spatial_ref": 3577, "class": 400 }, "geometry": { "type": "Point", "coordinates": [ 1099815.0, -3942015.0 ] } },
{ "type": "Feature", "properties": { "time": "2023-09-22T03:00:13.861", "spatial_ref": 3577, "class": 400 }, "geometry": { "type": "Point", "coordinates": [ 1125045.0, -4009215.0 ] } },
{ "type": "Feature", "properties": { "time": "2023-09-22T03:00:13.861", "spatial_ref": 3577, "class": 400 }, "geometry": { "type": "Point", "coordinates": [ 1067085.0, -4025925.0 ] } },
{ "type": "Feature", "properties": { "time": "2023-09-22T03:00:13.861", "spatial_ref": 3577, "class": 400 }, "geometry": { "type": "Point", "coordinates": [ 1067805.0, -3957105.0 ] } },
{ "type": "Feature", "properties": { "time": "2023-09-22T03:00:13.861", "spatial_ref": 3577, "class": 400 }, "geometry": { "type": "Point", "coordinates": [ 1140975.0, -3991875.0 ] } },
{ "type": "Feature", "properties": { "time": "2023-09-22T03:00:13.861", "spatial_ref": 3577, "class": 400 }, "geometry": { "type": "Point", "coordinates": [ 1089705.0, -3980505.0 ] } },
{ "type": "Feature", "properties": { "time": "2023-09-22T03:00:13.861", "spatial_ref": 3577, "class": 400 }, "geometry": { "type": "Point", "coordinates": [ 1062885.0, -3982275.0 ] } },
{ "type": "Feature", "properties": { "time": "2023-09-22T03:00:13.861", "spatial_ref": 3577, "class": 400 }, "geometry": { "type": "Point", "coordinates": [ 1072815.0, -3972645.0 ] } },
{ "type": "Feature", "properties": { "time": "2023-09-22T03:00:13.861", "spatial_ref": 3577, "class": 400 }, "geometry": { "type": "Point", "coordinates": [ 1142505.0, -3949395.0 ] } },
{ "type": "Feature", "properties": { "time": "2023-09-22T03:00:13.861", "spatial_ref": 3577, "class": 400 }, "geometry": { "type": "Point", "coordinates": [ 1114095.0, -3951315.0 ] } },
{ "type": "Feature", "properties": { "time": "2023-09-22T03:00:13.861", "spatial_ref": 3577, "class": 400 }, "geometry": { "type": "Point", "coordinates": [ 1129395.0, -3968445.0 ] } },
{ "type": "Feature", "properties": { "time": "2023-09-22T03:00:13.861", "spatial_ref": 3577, "class": 400 }, "geometry": { "type": "Point", "coordinates": [ 1148835.0, -4020525.0 ] } },
{ "type": "Feature", "properties": { "time": "2023-09-22T03:00:13.861", "spatial_ref": 3577, "class": 400 }, "geometry": { "type": "Point", "coordinates": [ 1133745.0, -3990195.0 ] } },
{ "type": "Feature", "properties": { "time": "2023-09-22T03:00:13.861", "spatial_ref": 3577, "class": 400 }, "geometry": { "type": "Point", "coordinates": [ 1121955.0, -4016715.0 ] } },
{ "type": "Feature", "properties": { "time": "2023-09-22T03:00:13.861", "spatial_ref": 3577, "class": 400 }, "geometry": { "type": "Point", "coordinates": [ 1151085.0, -4031505.0 ] } },
{ "type": "Feature", "properties": { "time": "2023-09-22T03:00:13.861", "spatial_ref": 3577, "class": 400 }, "geometry": { "type": "Point", "coordinates": [ 1061595.0, -3996045.0 ] } },
{ "type": "Feature", "properties": { "time": "2023-09-22T03:00:13.861", "spatial_ref": 3577, "class": 400 }, "geometry": { "type": "Point", "coordinates": [ 1115625.0, -4025565.0 ] } },
{ "type": "Feature", "properties": { "time": "2023-09-22T03:00:13.861", "spatial_ref": 3577, "class": 400 }, "geometry": { "type": "Point", "coordinates": [ 1144185.0, -4026165.0 ] } },
{ "type": "Feature", "properties": { "time": "2023-09-22T03:00:13.861", "spatial_ref": 3577, "class": 400 }, "geometry": { "type": "Point", "coordinates": [ 1142895.0, -3955065.0 ] } },
{ "type": "Feature", "properties": { "time": "2023-09-22T03:00:13.861", "spatial_ref": 3577, "class": 400 }, "geometry": { "type": "Point", "coordinates": [ 1098315.0, -3978345.0 ] } },
{ "type": "Feature", "properties": { "time": "2023-09-22T03:00:13.861", "spatial_ref": 3577, "class": 300 }, "geometry": { "type": "Point", "coordinates": [ 1089465.0, -3985695.0 ] } },
{ "type": "Feature", "properties": { "time": "2023-09-22T03:00:13.861", "spatial_ref": 3577, "class": 300 }, "geometry": { "type": "Point", "coordinates": [ 1143285.0, -3962985.0 ] } },
{ "type": "Feature", "properties": { "time": "2023-09-22T03:00:13.861", "spatial_ref": 3577, "class": 300 }, "geometry": { "type": "Point", "coordinates": [ 1090455.0, -4025745.0 ] } },
{ "type": "Feature", "properties": { "time": "2023-09-22T03:00:13.861", "spatial_ref": 3577, "class": 300 }, "geometry": { "type": "Point", "coordinates": [ 1113615.0, -4013355.0 ] } },
{ "type": "Feature", "properties": { "time": "2023-09-22T03:00:13.861", "spatial_ref": 3577, "class": 300 }, "geometry": { "type": "Point", "coordinates": [ 1136745.0, -3981645.0 ] } },
{ "type": "Feature", "properties": { "time": "2023-09-22T03:00:13.861", "spatial_ref": 3577, "class": 300 }, "geometry": { "type": "Point", "coordinates": [ 1138215.0, -3981015.0 ] } },
{ "type": "Feature", "properties": { "time": "2023-09-22T03:00:13.861", "spatial_ref": 3577, "class": 300 }, "geometry": { "type": "Point", "coordinates": [ 1064775.0, -3951615.0 ] } },
{ "type": "Feature", "properties": { "time": "2023-09-22T03:00:13.861", "spatial_ref": 3577, "class": 300 }, "geometry": { "type": "Point", "coordinates": [ 1123965.0, -3969405.0 ] } },
{ "type": "Feature", "properties": { "time": "2023-09-22T03:00:13.861", "spatial_ref": 3577, "class": 300 }, "geometry": { "type": "Point", "coordinates": [ 1116765.0, -3994215.0 ] } },
{ "type": "Feature", "properties": { "time": "2023-09-22T03:00:13.861", "spatial_ref": 3577, "class": 300 }, "geometry": { "type": "Point", "coordinates": [ 1061205.0, -4025505.0 ] } },
{ "type": "Feature", "properties": { "time": "2023-09-22T03:00:13.861", "spatial_ref": 3577, "class": 300 }, "geometry": { "type": "Point", "coordinates": [ 1144875.0, -3971715.0 ] } },
{ "type": "Feature", "properties": { "time": "2023-09-22T03:00:13.861", "spatial_ref": 3577, "class": 300 }, "geometry": { "type": "Point", "coordinates": [ 1123125.0, -4004475.0 ] } },
{ "type": "Feature", "properties": { "time": "2023-09-22T03:00:13.861", "spatial_ref": 3577, "class": 300 }, "geometry": { "type": "Point", "coordinates": [ 1144335.0, -3965295.0 ] } },
{ "type": "Feature", "properties": { "time": "2023-09-22T03:00:13.861", "spatial_ref": 3577, "class": 300 }, "geometry": { "type": "Point", "coordinates": [ 1138545.0, -3982755.0 ] } },
{ "type": "Feature", "properties": { "time": "2023-09-22T03:00:13.861", "spatial_ref": 3577, "class": 300 }, "geometry": { "type": "Point", "coordinates": [ 1130625.0, -4027365.0 ] } },
{ "type": "Feature", "properties": { "time": "2023-09-22T03:00:13.861", "spatial_ref": 3577, "class": 300 }, "geometry": { "type": "Point", "coordinates": [ 1117935.0, -4003005.0 ] } },
{ "type": "Feature", "properties": { "time": "2023-09-22T03:00:13.861", "spatial_ref": 3577, "class": 300 }, "geometry": { "type": "Point", "coordinates": [ 1056105.0, -3965715.0 ] } },
{ "type": "Feature", "properties": { "time": "2023-09-22T03:00:13.861", "spatial_ref": 3577, "class": 300 }, "geometry": { "type": "Point", "coordinates": [ 1103205.0, -4016265.0 ] } },
{ "type": "Feature", "properties": { "time": "2023-09-22T03:00:13.861", "spatial_ref": 3577, "class": 300 }, "geometry": { "type": "Point", "coordinates": [ 1091505.0, -3992895.0 ] } },
{ "type": "Feature", "properties": { "time": "2023-09-22T03:00:13.861", "spatial_ref": 3577, "class": 300 }, "geometry": { "type": "Point", "coordinates": [ 1120125.0, -4003635.0 ] } },
{ "type": "Feature", "properties": { "time": "2023-09-22T03:00:13.861", "spatial_ref": 3577, "class": 300 }, "geometry": { "type": "Point", "coordinates": [ 1056585.0, -3959295.0 ] } },
{ "type": "Feature", "properties": { "time": "2023-09-22T03:00:13.861", "spatial_ref": 3577, "class": 300 }, "geometry": { "type": "Point", "coordinates": [ 1109325.0, -4000245.0 ] } },
{ "type": "Feature", "properties": { "time": "2023-09-22T03:00:13.861", "spatial_ref": 3577, "class": 300 }, "geometry": { "type": "Point", "coordinates": [ 1120275.0, -4025865.0 ] } },
{ "type": "Feature", "properties": { "time": "2023-09-22T03:00:13.861", "spatial_ref": 3577, "class": 300 }, "geometry": { "type": "Point", "coordinates": [ 1108725.0, -3942615.0 ] } },
{ "type": "Feature", "properties": { "time": "2023-09-22T03:00:13.861", "spatial_ref": 3577, "class": 300 }, "geometry": { "type": "Point", "coordinates": [ 1107255.0, -3992595.0 ] } },
{ "type": "Feature", "properties": { "time": "2023-09-22T03:00:13.861", "spatial_ref": 3577, "class": 300 }, "geometry": { "type": "Point", "coordinates": [ 1133085.0, -3988215.0 ] } },
{ "type": "Feature", "properties": { "time": "2023-09-22T03:00:13.861", "spatial_ref": 3577, "class": 300 }, "geometry": { "type": "Point", "coordinates": [ 1077465.0, -4028805.0 ] } },
{ "type": "Feature", "properties": { "time": "2023-09-22T03:00:13.861", "spatial_ref": 3577, "class": 300 }, "geometry": { "type": "Point", "coordinates": [ 1101105.0, -3985605.0 ] } },
{ "type": "Feature", "properties": { "time": "2023-09-22T03:00:13.861", "spatial_ref": 3577, "class": 300 }, "geometry": { "type": "Point", "coordinates": [ 1107045.0, -4007535.0 ] } },
{ "type": "Feature", "properties": { "time": "2023-09-22T03:00:13.861", "spatial_ref": 3577, "class": 300 }, "geometry": { "type": "Point", "coordinates": [ 1108095.0, -3941805.0 ] } },
{ "type": "Feature", "properties": { "time": "2023-09-22T03:00:13.861", "spatial_ref": 3577, "class": 300 }, "geometry": { "type": "Point", "coordinates": [ 1081125.0, -3996705.0 ] } },
{ "type": "Feature", "properties": { "time": "2023-09-22T03:00:13.861", "spatial_ref": 3577, "class": 300 }, "geometry": { "type": "Point", "coordinates": [ 1068525.0, -4024185.0 ] } },
{ "type": "Feature", "properties": { "time": "2023-09-22T03:00:13.861", "spatial_ref": 3577, "class": 300 }, "geometry": { "type": "Point", "coordinates": [ 1062315.0, -3944625.0 ] } },
{ "type": "Feature", "properties": { "time": "2023-09-22T03:00:13.861", "spatial_ref": 3577, "class": 300 }, "geometry": { "type": "Point", "coordinates": [ 1109955.0, -3938115.0 ] } },
{ "type": "Feature", "properties": { "time": "2023-09-22T03:00:13.861", "spatial_ref": 3577, "class": 300 }, "geometry": { "type": "Point", "coordinates": [ 1111935.0, -4017405.0 ] } },
{ "type": "Feature", "properties": { "time": "2023-09-22T03:00:13.861", "spatial_ref": 3577, "class": 300 }, "geometry": { "type": "Point", "coordinates": [ 1067265.0, -3941355.0 ] } },
{ "type": "Feature", "properties": { "time": "2023-09-22T03:00:13.861", "spatial_ref": 3577, "class": 300 }, "geometry": { "type": "Point", "coordinates": [ 1074495.0, -4015605.0 ] } },
{ "type": "Feature", "properties": { "time": "2023-09-22T03:00:13.861", "spatial_ref": 3577, "class": 300 }, "geometry": { "type": "Point", "coordinates": [ 1151205.0, -3987045.0 ] } },
{ "type": "Feature", "properties": { "time": "2023-09-22T03:00:13.861", "spatial_ref": 3577, "class": 300 }, "geometry": { "type": "Point", "coordinates": [ 1058025.0, -3966705.0 ] } },
{ "type": "Feature", "properties": { "time": "2023-09-22T03:00:13.861", "spatial_ref": 3577, "class": 300 }, "geometry": { "type": "Point", "coordinates": [ 1122255.0, -3952935.0 ] } },
{ "type": "Feature", "properties": { "time": "2023-09-22T03:00:13.861", "spatial_ref": 3577, "class": 300 }, "geometry": { "type": "Point", "coordinates": [ 1060455.0, -4031025.0 ] } },
{ "type": "Feature", "properties": { "time": "2023-09-22T03:00:13.861", "spatial_ref": 3577, "class": 300 }, "geometry": { "type": "Point", "coordinates": [ 1080105.0, -3972735.0 ] } },
{ "type": "Feature", "properties": { "time": "2023-09-22T03:00:13.861", "spatial_ref": 3577, "class": 300 }, "geometry": { "type": "Point", "coordinates": [ 1113465.0, -4003215.0 ] } },
{ "type": "Feature", "properties": { "time": "2023-09-22T03:00:13.861", "spatial_ref": 3577, "class": 300 }, "geometry": { "type": "Point", "coordinates": [ 1146975.0, -3981705.0 ] } },
{ "type": "Feature", "properties": { "time": "2023-09-22T03:00:13.861", "spatial_ref": 3577, "class": 300 }, "geometry": { "type": "Point", "coordinates": [ 1057635.0, -4011315.0 ] } },
{ "type": "Feature", "properties": { "time": "2023-09-22T03:00:13.861", "spatial_ref": 3577, "class": 300 }, "geometry": { "type": "Point", "coordinates": [ 1150995.0, -4017435.0 ] } },
{ "type": "Feature", "properties": { "time": "2023-09-22T03:00:13.861", "spatial_ref": 3577, "class": 300 }, "geometry": { "type": "Point", "coordinates": [ 1082685.0, -4029975.0 ] } },
{ "type": "Feature", "properties": { "time": "2023-09-22T03:00:13.861", "spatial_ref": 3577, "class": 300 }, "geometry": { "type": "Point", "coordinates": [ 1064985.0, -4030965.0 ] } },
{ "type": "Feature", "properties": { "time": "2023-09-22T03:00:13.861", "spatial_ref": 3577, "class": 300 }, "geometry": { "type": "Point", "coordinates": [ 1142355.0, -3964155.0 ] } },
{ "type": "Feature", "properties": { "time": "2023-09-22T03:00:13.861", "spatial_ref": 3577, "class": 300 }, "geometry": { "type": "Point", "coordinates": [ 1137225.0, -3971865.0 ] } },
{ "type": "Feature", "properties": { "time": "2023-09-22T03:00:13.861", "spatial_ref": 3577, "class": 300 }, "geometry": { "type": "Point", "coordinates": [ 1132935.0, -3969195.0 ] } },
{ "type": "Feature", "properties": { "time": "2023-09-22T03:00:13.861", "spatial_ref": 3577, "class": 300 }, "geometry": { "type": "Point", "coordinates": [ 1058655.0, -3949575.0 ] } },
{ "type": "Feature", "properties": { "time": "2023-09-22T03:00:13.861", "spatial_ref": 3577, "class": 300 }, "geometry": { "type": "Point", "coordinates": [ 1149195.0, -4015845.0 ] } },
{ "type": "Feature", "properties": { "time": "2023-09-22T03:00:13.861", "spatial_ref": 3577, "class": 300 }, "geometry": { "type": "Point", "coordinates": [ 1099695.0, -3944445.0 ] } },
{ "type": "Feature", "properties": { "time": "2023-09-22T03:00:13.861", "spatial_ref": 3577, "class": 300 }, "geometry": { "type": "Point", "coordinates": [ 1102155.0, -3987315.0 ] } },
{ "type": "Feature", "properties": { "time": "2023-09-22T03:00:13.861", "spatial_ref": 3577, "class": 300 }, "geometry": { "type": "Point", "coordinates": [ 1140555.0, -3969405.0 ] } },
{ "type": "Feature", "properties": { "time": "2023-09-22T03:00:13.861", "spatial_ref": 3577, "class": 300 }, "geometry": { "type": "Point", "coordinates": [ 1114845.0, -4010055.0 ] } },
{ "type": "Feature", "properties": { "time": "2023-09-22T03:00:13.861", "spatial_ref": 3577, "class": 300 }, "geometry": { "type": "Point", "coordinates": [ 1127505.0, -3961785.0 ] } },
{ "type": "Feature", "properties": { "time": "2023-09-22T03:00:13.861", "spatial_ref": 3577, "class": 300 }, "geometry": { "type": "Point", "coordinates": [ 1113495.0, -4013955.0 ] } },
{ "type": "Feature", "properties": { "time": "2023-09-22T03:00:13.861", "spatial_ref": 3577, "class": 300 }, "geometry": { "type": "Point", "coordinates": [ 1103745.0, -3992505.0 ] } },
{ "type": "Feature", "properties": { "time": "2023-09-22T03:00:13.861", "spatial_ref": 3577, "class": 300 }, "geometry": { "type": "Point", "coordinates": [ 1064445.0, -3989625.0 ] } },
{ "type": "Feature", "properties": { "time": "2023-09-22T03:00:13.861", "spatial_ref": 3577, "class": 300 }, "geometry": { "type": "Point", "coordinates": [ 1125735.0, -3945255.0 ] } },
{ "type": "Feature", "properties": { "time": "2023-09-22T03:00:13.861", "spatial_ref": 3577, "class": 300 }, "geometry": { "type": "Point", "coordinates": [ 1101135.0, -3998805.0 ] } },
{ "type": "Feature", "properties": { "time": "2023-09-22T03:00:13.861", "spatial_ref": 3577, "class": 300 }, "geometry": { "type": "Point", "coordinates": [ 1116765.0, -3942975.0 ] } },
{ "type": "Feature", "properties": { "time": "2023-09-22T03:00:13.861", "spatial_ref": 3577, "class": 300 }, "geometry": { "type": "Point", "coordinates": [ 1104945.0, -3990135.0 ] } },
{ "type": "Feature", "properties": { "time": "2023-09-22T03:00:13.861", "spatial_ref": 3577, "class": 300 }, "geometry": { "type": "Point", "coordinates": [ 1103955.0, -3986655.0 ] } },
{ "type": "Feature", "properties": { "time": "2023-09-22T03:00:13.861", "spatial_ref": 3577, "class": 300 }, "geometry": { "type": "Point", "coordinates": [ 1071075.0, -3961635.0 ] } },
{ "type": "Feature", "properties": { "time": "2023-09-22T03:00:13.861", "spatial_ref": 3577, "class": 300 }, "geometry": { "type": "Point", "coordinates": [ 1149825.0, -3966165.0 ] } },
{ "type": "Feature", "properties": { "time": "2023-09-22T03:00:13.861", "spatial_ref": 3577, "class": 300 }, "geometry": { "type": "Point", "coordinates": [ 1059255.0, -4025625.0 ] } },
{ "type": "Feature", "properties": { "time": "2023-09-22T03:00:13.861", "spatial_ref": 3577, "class": 300 }, "geometry": { "type": "Point", "coordinates": [ 1134405.0, -3939135.0 ] } },
{ "type": "Feature", "properties": { "time": "2023-09-22T03:00:13.861", "spatial_ref": 3577, "class": 300 }, "geometry": { "type": "Point", "coordinates": [ 1111305.0, -4010205.0 ] } },
{ "type": "Feature", "properties": { "time": "2023-09-22T03:00:13.861", "spatial_ref": 3577, "class": 300 }, "geometry": { "type": "Point", "coordinates": [ 1120815.0, -3944775.0 ] } },
{ "type": "Feature", "properties": { "time": "2023-09-22T03:00:13.861", "spatial_ref": 3577, "class": 300 }, "geometry": { "type": "Point", "coordinates": [ 1123995.0, -4025295.0 ] } },
{ "type": "Feature", "properties": { "time": "2023-09-22T03:00:13.861", "spatial_ref": 3577, "class": 300 }, "geometry": { "type": "Point", "coordinates": [ 1142235.0, -3946995.0 ] } },
{ "type": "Feature", "properties": { "time": "2023-09-22T03:00:13.861", "spatial_ref": 3577, "class": 300 }, "geometry": { "type": "Point", "coordinates": [ 1096935.0, -4015515.0 ] } },
{ "type": "Feature", "properties": { "time": "2023-09-22T03:00:13.861", "spatial_ref": 3577, "class": 300 }, "geometry": { "type": "Point", "coordinates": [ 1109835.0, -4020975.0 ] } },
{ "type": "Feature", "properties": { "time": "2023-09-22T03:00:13.861", "spatial_ref": 3577, "class": 300 }, "geometry": { "type": "Point", "coordinates": [ 1059045.0, -3977325.0 ] } },
{ "type": "Feature", "properties": { "time": "2023-09-22T03:00:13.861", "spatial_ref": 3577, "class": 300 }, "geometry": { "type": "Point", "coordinates": [ 1057575.0, -4019175.0 ] } },
{ "type": "Feature", "properties": { "time": "2023-09-22T03:00:13.861", "spatial_ref": 3577, "class": 300 }, "geometry": { "type": "Point", "coordinates": [ 1150395.0, -3991395.0 ] } },
{ "type": "Feature", "properties": { "time": "2023-09-22T03:00:13.861", "spatial_ref": 3577, "class": 300 }, "geometry": { "type": "Point", "coordinates": [ 1084845.0, -3964005.0 ] } },
{ "type": "Feature", "properties": { "time": "2023-09-22T03:00:13.861", "spatial_ref": 3577, "class": 300 }, "geometry": { "type": "Point", "coordinates": [ 1081335.0, -3938985.0 ] } },
{ "type": "Feature", "properties": { "time": "2023-09-22T03:00:13.861", "spatial_ref": 3577, "class": 300 }, "geometry": { "type": "Point", "coordinates": [ 1100475.0, -4016385.0 ] } },
{ "type": "Feature", "properties": { "time": "2023-09-22T03:00:13.861", "spatial_ref": 3577, "class": 300 }, "geometry": { "type": "Point", "coordinates": [ 1104255.0, -4001775.0 ] } },
{ "type": "Feature", "properties": { "time": "2023-09-22T03:00:13.861", "spatial_ref": 3577, "class": 300 }, "geometry": { "type": "Point", "coordinates": [ 1062855.0, -3973185.0 ] } },
{ "type": "Feature", "properties": { "time": "2023-09-22T03:00:13.861", "spatial_ref": 3577, "class": 300 }, "geometry": { "type": "Point", "coordinates": [ 1121205.0, -4004715.0 ] } },
{ "type": "Feature", "properties": { "time": "2023-09-22T03:00:13.861", "spatial_ref": 3577, "class": 300 }, "geometry": { "type": "Point", "coordinates": [ 1060155.0, -3974145.0 ] } },
{ "type": "Feature", "properties": { "time": "2023-09-22T03:00:13.861", "spatial_ref": 3577, "class": 300 }, "geometry": { "type": "Point", "coordinates": [ 1127835.0, -4013055.0 ] } },
{ "type": "Feature", "properties": { "time": "2023-09-22T03:00:13.861", "spatial_ref": 3577, "class": 300 }, "geometry": { "type": "Point", "coordinates": [ 1069665.0, -4021065.0 ] } },
{ "type": "Feature", "properties": { "time": "2023-09-22T03:00:13.861", "spatial_ref": 3577, "class": 300 }, "geometry": { "type": "Point", "coordinates": [ 1106505.0, -4023255.0 ] } },
{ "type": "Feature", "properties": { "time": "2023-09-22T03:00:13.861", "spatial_ref": 3577, "class": 300 }, "geometry": { "type": "Point", "coordinates": [ 1147005.0, -3988695.0 ] } },
{ "type": "Feature", "properties": { "time": "2023-09-22T03:00:13.861", "spatial_ref": 3577, "class": 300 }, "geometry": { "type": "Point", "coordinates": [ 1145955.0, -4001025.0 ] } },
{ "type": "Feature", "properties": { "time": "2023-09-22T03:00:13.861", "spatial_ref": 3577, "class": 300 }, "geometry": { "type": "Point", "coordinates": [ 1103865.0, -3967815.0 ] } },
{ "type": "Feature", "properties": { "time": "2023-09-22T03:00:13.861", "spatial_ref": 3577, "class": 300 }, "geometry": { "type": "Point", "coordinates": [ 1102995.0, -4010955.0 ] } },
{ "type": "Feature", "properties": { "time": "2023-09-22T03:00:13.861", "spatial_ref": 3577, "class": 300 }, "geometry": { "type": "Point", "coordinates": [ 1081215.0, -4023015.0 ] } },
{ "type": "Feature", "properties": { "time": "2023-09-22T03:00:13.861", "spatial_ref": 3577, "class": 300 }, "geometry": { "type": "Point", "coordinates": [ 1149555.0, -4013775.0 ] } },
{ "type": "Feature", "properties": { "time": "2023-09-22T03:00:13.861", "spatial_ref": 3577, "class": 300 }, "geometry": { "type": "Point", "coordinates": [ 1100505.0, -4005975.0 ] } },
{ "type": "Feature", "properties": { "time": "2023-09-22T03:00:13.861", "spatial_ref": 3577, "class": 300 }, "geometry": { "type": "Point", "coordinates": [ 1136325.0, -3975465.0 ] } },
{ "type": "Feature", "properties": { "time": "2023-09-22T03:00:13.861", "spatial_ref": 3577, "class": 300 }, "geometry": { "type": "Point", "coordinates": [ 1077285.0, -4012125.0 ] } },
{ "type": "Feature", "properties": { "time": "2023-09-22T03:00:13.861", "spatial_ref": 3577, "class": 300 }, "geometry": { "type": "Point", "coordinates": [ 1084845.0, -3996165.0 ] } },
{ "type": "Feature", "properties": { "time": "2023-09-22T03:00:13.861", "spatial_ref": 3577, "class": 300 }, "geometry": { "type": "Point", "coordinates": [ 1104465.0, -4008975.0 ] } },
{ "type": "Feature", "properties": { "time": "2023-09-22T03:00:13.861", "spatial_ref": 3577, "class": 300 }, "geometry": { "type": "Point", "coordinates": [ 1142985.0, -4021335.0 ] } },
{ "type": "Feature", "properties": { "time": "2023-09-22T03:00:13.861", "spatial_ref": 3577, "class": 300 }, "geometry": { "type": "Point", "coordinates": [ 1061565.0, -4015065.0 ] } },
{ "type": "Feature", "properties": { "time": "2023-09-22T03:00:13.861", "spatial_ref": 3577, "class": 300 }, "geometry": { "type": "Point", "coordinates": [ 1095945.0, -3972465.0 ] } },
{ "type": "Feature", "properties": { "time": "2023-09-22T03:00:13.861", "spatial_ref": 3577, "class": 300 }, "geometry": { "type": "Point", "coordinates": [ 1057485.0, -3966615.0 ] } },
{ "type": "Feature", "properties": { "time": "2023-09-22T03:00:13.861", "spatial_ref": 3577, "class": 300 }, "geometry": { "type": "Point", "coordinates": [ 1107195.0, -4018545.0 ] } },
{ "type": "Feature", "properties": { "time": "2023-09-22T03:00:13.861", "spatial_ref": 3577, "class": 300 }, "geometry": { "type": "Point", "coordinates": [ 1140465.0, -3985125.0 ] } },
{ "type": "Feature", "properties": { "time": "2023-09-22T03:00:13.861", "spatial_ref": 3577, "class": 300 }, "geometry": { "type": "Point", "coordinates": [ 1130805.0, -4026945.0 ] } },
{ "type": "Feature", "properties": { "time": "2023-09-22T03:00:13.861", "spatial_ref": 3577, "class": 300 }, "geometry": { "type": "Point", "coordinates": [ 1112925.0, -3942975.0 ] } },
{ "type": "Feature", "properties": { "time": "2023-09-22T03:00:13.861", "spatial_ref": 3577, "class": 300 }, "geometry": { "type": "Point", "coordinates": [ 1073955.0, -4031085.0 ] } },
{ "type": "Feature", "properties": { "time": "2023-09-22T03:00:13.861", "spatial_ref": 3577, "class": 300 }, "geometry": { "type": "Point", "coordinates": [ 1131135.0, -4023375.0 ] } },
{ "type": "Feature", "properties": { "time": "2023-09-22T03:00:13.861", "spatial_ref": 3577, "class": 300 }, "geometry": { "type": "Point", "coordinates": [ 1096845.0, -4006845.0 ] } },
{ "type": "Feature", "properties": { "time": "2023-09-22T03:00:13.861", "spatial_ref": 3577, "class": 300 }, "geometry": { "type": "Point", "coordinates": [ 1076775.0, -4031865.0 ] } },
{ "type": "Feature", "properties": { "time": "2023-09-22T03:00:13.861", "spatial_ref": 3577, "class": 300 }, "geometry": { "type": "Point", "coordinates": [ 1139985.0, -3982515.0 ] } },
{ "type": "Feature", "properties": { "time": "2023-09-22T03:00:13.861", "spatial_ref": 3577, "class": 300 }, "geometry": { "type": "Point", "coordinates": [ 1137795.0, -4028985.0 ] } },
{ "type": "Feature", "properties": { "time": "2023-09-22T03:00:13.861", "spatial_ref": 3577, "class": 300 }, "geometry": { "type": "Point", "coordinates": [ 1087665.0, -3992655.0 ] } },
{ "type": "Feature", "properties": { "time": "2023-09-22T03:00:13.861", "spatial_ref": 3577, "class": 300 }, "geometry": { "type": "Point", "coordinates": [ 1134615.0, -3959025.0 ] } },
{ "type": "Feature", "properties": { "time": "2023-09-22T03:00:13.861", "spatial_ref": 3577, "class": 300 }, "geometry": { "type": "Point", "coordinates": [ 1129995.0, -3968055.0 ] } },
{ "type": "Feature", "properties": { "time": "2023-09-22T03:00:13.861", "spatial_ref": 3577, "class": 300 }, "geometry": { "type": "Point", "coordinates": [ 1058565.0, -3954615.0 ] } },
{ "type": "Feature", "properties": { "time": "2023-09-22T03:00:13.861", "spatial_ref": 3577, "class": 300 }, "geometry": { "type": "Point", "coordinates": [ 1080885.0, -3971265.0 ] } },
{ "type": "Feature", "properties": { "time": "2023-09-22T03:00:13.861", "spatial_ref": 3577, "class": 300 }, "geometry": { "type": "Point", "coordinates": [ 1105725.0, -3993285.0 ] } },
{ "type": "Feature", "properties": { "time": "2023-09-22T03:00:13.861", "spatial_ref": 3577, "class": 300 }, "geometry": { "type": "Point", "coordinates": [ 1139415.0, -3992715.0 ] } },
{ "type": "Feature", "properties": { "time": "2023-09-22T03:00:13.861", "spatial_ref": 3577, "class": 300 }, "geometry": { "type": "Point", "coordinates": [ 1141905.0, -3942195.0 ] } },
{ "type": "Feature", "properties": { "time": "2023-09-22T03:00:13.861", "spatial_ref": 3577, "class": 300 }, "geometry": { "type": "Point", "coordinates": [ 1117995.0, -4028865.0 ] } },
{ "type": "Feature", "properties": { "time": "2023-09-22T03:00:13.861", "spatial_ref": 3577, "class": 300 }, "geometry": { "type": "Point", "coordinates": [ 1139955.0, -3970005.0 ] } },
{ "type": "Feature", "properties": { "time": "2023-09-22T03:00:13.861", "spatial_ref": 3577, "class": 300 }, "geometry": { "type": "Point", "coordinates": [ 1127175.0, -3953805.0 ] } },
{ "type": "Feature", "properties": { "time": "2023-09-22T03:00:13.861", "spatial_ref": 3577, "class": 300 }, "geometry": { "type": "Point", "coordinates": [ 1141575.0, -3978255.0 ] } },
{ "type": "Feature", "properties": { "time": "2023-09-22T03:00:13.861", "spatial_ref": 3577, "class": 300 }, "geometry": { "type": "Point", "coordinates": [ 1145655.0, -4023735.0 ] } },
{ "type": "Feature", "properties": { "time": "2023-09-22T03:00:13.861", "spatial_ref": 3577, "class": 300 }, "geometry": { "type": "Point", "coordinates": [ 1081275.0, -4026075.0 ] } },
{ "type": "Feature", "properties": { "time": "2023-09-22T03:00:13.861", "spatial_ref": 3577, "class": 300 }, "geometry": { "type": "Point", "coordinates": [ 1101195.0, -4012275.0 ] } },
{ "type": "Feature", "properties": { "time": "2023-09-22T03:00:13.861", "spatial_ref": 3577, "class": 300 }, "geometry": { "type": "Point", "coordinates": [ 1098015.0, -4022565.0 ] } },
{ "type": "Feature", "properties": { "time": "2023-09-22T03:00:13.861", "spatial_ref": 3577, "class": 300 }, "geometry": { "type": "Point", "coordinates": [ 1079385.0, -3999345.0 ] } },
{ "type": "Feature", "properties": { "time": "2023-09-22T03:00:13.861", "spatial_ref": 3577, "class": 300 }, "geometry": { "type": "Point", "coordinates": [ 1072635.0, -4016145.0 ] } },
{ "type": "Feature", "properties": { "time": "2023-09-22T03:00:13.861", "spatial_ref": 3577, "class": 300 }, "geometry": { "type": "Point", "coordinates": [ 1149705.0, -3938295.0 ] } },
{ "type": "Feature", "properties": { "time": "2023-09-22T03:00:13.861", "spatial_ref": 3577, "class": 300 }, "geometry": { "type": "Point", "coordinates": [ 1100265.0, -3992775.0 ] } },
{ "type": "Feature", "properties": { "time": "2023-09-22T03:00:13.861", "spatial_ref": 3577, "class": 300 }, "geometry": { "type": "Point", "coordinates": [ 1121205.0, -4031115.0 ] } },
{ "type": "Feature", "properties": { "time": "2023-09-22T03:00:13.861", "spatial_ref": 3577, "class": 300 }, "geometry": { "type": "Point", "coordinates": [ 1118205.0, -3953025.0 ] } },
{ "type": "Feature", "properties": { "time": "2023-09-22T03:00:13.861", "spatial_ref": 3577, "class": 300 }, "geometry": { "type": "Point", "coordinates": [ 1088325.0, -3959895.0 ] } },
{ "type": "Feature", "properties": { "time": "2023-09-22T03:00:13.861", "spatial_ref": 3577, "class": 300 }, "geometry": { "type": "Point", "coordinates": [ 1091205.0, -4030755.0 ] } },
{ "type": "Feature", "properties": { "time": "2023-09-22T03:00:13.861", "spatial_ref": 3577, "class": 300 }, "geometry": { "type": "Point", "coordinates": [ 1056195.0, -3977145.0 ] } },
{ "type": "Feature", "properties": { "time": "2023-09-22T03:00:13.861", "spatial_ref": 3577, "class": 300 }, "geometry": { "type": "Point", "coordinates": [ 1141305.0, -3947235.0 ] } },
{ "type": "Feature", "properties": { "time": "2023-09-22T03:00:13.861", "spatial_ref": 3577, "class": 300 }, "geometry": { "type": "Point", "coordinates": [ 1097865.0, -3995505.0 ] } },
{ "type": "Feature", "properties": { "time": "2023-09-22T03:00:13.861", "spatial_ref": 3577, "class": 300 }, "geometry": { "type": "Point", "coordinates": [ 1112925.0, -4001205.0 ] } },
{ "type": "Feature", "properties": { "time": "2023-09-22T03:00:13.861", "spatial_ref": 3577, "class": 300 }, "geometry": { "type": "Point", "coordinates": [ 1141365.0, -3964995.0 ] } },
{ "type": "Feature", "properties": { "time": "2023-09-22T03:00:13.861", "spatial_ref": 3577, "class": 300 }, "geometry": { "type": "Point", "coordinates": [ 1111065.0, -3938415.0 ] } },
{ "type": "Feature", "properties": { "time": "2023-09-22T03:00:13.861", "spatial_ref": 3577, "class": 300 }, "geometry": { "type": "Point", "coordinates": [ 1103325.0, -3987645.0 ] } },
{ "type": "Feature", "properties": { "time": "2023-09-22T03:00:13.861", "spatial_ref": 3577, "class": 300 }, "geometry": { "type": "Point", "coordinates": [ 1109025.0, -3999615.0 ] } },
{ "type": "Feature", "properties": { "time": "2023-09-22T03:00:13.861", "spatial_ref": 3577, "class": 300 }, "geometry": { "type": "Point", "coordinates": [ 1139265.0, -3953325.0 ] } },
{ "type": "Feature", "properties": { "time": "2023-09-22T03:00:13.861", "spatial_ref": 3577, "class": 300 }, "geometry": { "type": "Point", "coordinates": [ 1147425.0, -3990885.0 ] } },
{ "type": "Feature", "properties": { "time": "2023-09-22T03:00:13.861", "spatial_ref": 3577, "class": 300 }, "geometry": { "type": "Point", "coordinates": [ 1125885.0, -3958995.0 ] } },
{ "type": "Feature", "properties": { "time": "2023-09-22T03:00:13.861", "spatial_ref": 3577, "class": 300 }, "geometry": { "type": "Point", "coordinates": [ 1093215.0, -4031805.0 ] } },
{ "type": "Feature", "properties": { "time": "2023-09-22T03:00:13.861", "spatial_ref": 3577, "class": 300 }, "geometry": { "type": "Point", "coordinates": [ 1148805.0, -3962385.0 ] } },
{ "type": "Feature", "properties": { "time": "2023-09-22T03:00:13.861", "spatial_ref": 3577, "class": 300 }, "geometry": { "type": "Point", "coordinates": [ 1129035.0, -3987555.0 ] } },
{ "type": "Feature", "properties": { "time": "2023-09-22T03:00:13.861", "spatial_ref": 3577, "class": 300 }, "geometry": { "type": "Point", "coordinates": [ 1069275.0, -4014855.0 ] } },
{ "type": "Feature", "properties": { "time": "2023-09-22T03:00:13.861", "spatial_ref": 3577, "class": 300 }, "geometry": { "type": "Point", "coordinates": [ 1125855.0, -3973065.0 ] } },
{ "type": "Feature", "properties": { "time": "2023-09-22T03:00:13.861", "spatial_ref": 3577, "class": 300 }, "geometry": { "type": "Point", "coordinates": [ 1105215.0, -4002435.0 ] } },
{ "type": "Feature", "properties": { "time": "2023-09-22T03:00:13.861", "spatial_ref": 3577, "class": 300 }, "geometry": { "type": "Point", "coordinates": [ 1061505.0, -4020975.0 ] } },
{ "type": "Feature", "properties": { "time": "2023-09-22T03:00:13.861", "spatial_ref": 3577, "class": 300 }, "geometry": { "type": "Point", "coordinates": [ 1076445.0, -4021125.0 ] } },
{ "type": "Feature", "properties": { "time": "2023-09-22T03:00:13.861", "spatial_ref": 3577, "class": 300 }, "geometry": { "type": "Point", "coordinates": [ 1145865.0, -3990345.0 ] } },
{ "type": "Feature", "properties": { "time": "2023-09-22T03:00:13.861", "spatial_ref": 3577, "class": 300 }, "geometry": { "type": "Point", "coordinates": [ 1080705.0, -3995625.0 ] } },
{ "type": "Feature", "properties": { "time": "2023-09-22T03:00:13.861", "spatial_ref": 3577, "class": 300 }, "geometry": { "type": "Point", "coordinates": [ 1093845.0, -3995145.0 ] } },
{ "type": "Feature", "properties": { "time": "2023-09-22T03:00:13.861", "spatial_ref": 3577, "class": 300 }, "geometry": { "type": "Point", "coordinates": [ 1060275.0, -4024005.0 ] } },
{ "type": "Feature", "properties": { "time": "2023-09-22T03:00:13.861", "spatial_ref": 3577, "class": 300 }, "geometry": { "type": "Point", "coordinates": [ 1148775.0, -4003965.0 ] } },
{ "type": "Feature", "properties": { "time": "2023-09-22T03:00:13.861", "spatial_ref": 3577, "class": 300 }, "geometry": { "type": "Point", "coordinates": [ 1088235.0, -3953385.0 ] } },
{ "type": "Feature", "properties": { "time": "2023-09-22T03:00:13.861", "spatial_ref": 3577, "class": 300 }, "geometry": { "type": "Point", "coordinates": [ 1079715.0, -3989925.0 ] } },
{ "type": "Feature", "properties": { "time": "2023-09-22T03:00:13.861", "spatial_ref": 3577, "class": 300 }, "geometry": { "type": "Point", "coordinates": [ 1061055.0, -3950175.0 ] } },
{ "type": "Feature", "properties": { "time": "2023-09-22T03:00:13.861", "spatial_ref": 3577, "class": 300 }, "geometry": { "type": "Point", "coordinates": [ 1129665.0, -4031955.0 ] } },
{ "type": "Feature", "properties": { "time": "2023-09-22T03:00:13.861", "spatial_ref": 3577, "class": 300 }, "geometry": { "type": "Point", "coordinates": [ 1112085.0, -4007385.0 ] } },
{ "type": "Feature", "properties": { "time": "2023-09-22T03:00:13.861", "spatial_ref": 3577, "class": 300 }, "geometry": { "type": "Point", "coordinates": [ 1121235.0, -4025505.0 ] } },
{ "type": "Feature", "properties": { "time": "2023-09-22T03:00:13.861", "spatial_ref": 3577, "class": 300 }, "geometry": { "type": "Point", "coordinates": [ 1138335.0, -4001235.0 ] } },
{ "type": "Feature", "properties": { "time": "2023-09-22T03:00:13.861", "spatial_ref": 3577, "class": 300 }, "geometry": { "type": "Point", "coordinates": [ 1057305.0, -3980415.0 ] } },
{ "type": "Feature", "properties": { "time": "2023-09-22T03:00:13.861", "spatial_ref": 3577, "class": 300 }, "geometry": { "type": "Point", "coordinates": [ 1113735.0, -4012995.0 ] } },
{ "type": "Feature", "properties": { "time": "2023-09-22T03:00:13.861", "spatial_ref": 3577, "class": 300 }, "geometry": { "type": "Point", "coordinates": [ 1060095.0, -3973155.0 ] } },
{ "type": "Feature", "properties": { "time": "2023-09-22T03:00:13.861", "spatial_ref": 3577, "class": 300 }, "geometry": { "type": "Point", "coordinates": [ 1116915.0, -4011465.0 ] } },
{ "type": "Feature", "properties": { "time": "2023-09-22T03:00:13.861", "spatial_ref": 3577, "class": 300 }, "geometry": { "type": "Point", "coordinates": [ 1107135.0, -4020255.0 ] } },
{ "type": "Feature", "properties": { "time": "2023-09-22T03:00:13.861", "spatial_ref": 3577, "class": 300 }, "geometry": { "type": "Point", "coordinates": [ 1132095.0, -3941385.0 ] } },
{ "type": "Feature", "properties": { "time": "2023-09-22T03:00:13.861", "spatial_ref": 3577, "class": 300 }, "geometry": { "type": "Point", "coordinates": [ 1110225.0, -4009845.0 ] } },
{ "type": "Feature", "properties": { "time": "2023-09-22T03:00:13.861", "spatial_ref": 3577, "class": 300 }, "geometry": { "type": "Point", "coordinates": [ 1138605.0, -3950295.0 ] } },
{ "type": "Feature", "properties": { "time": "2023-09-22T03:00:13.861", "spatial_ref": 3577, "class": 300 }, "geometry": { "type": "Point", "coordinates": [ 1122225.0, -4000935.0 ] } },
{ "type": "Feature", "properties": { "time": "2023-09-22T03:00:13.861", "spatial_ref": 3577, "class": 300 }, "geometry": { "type": "Point", "coordinates": [ 1137225.0, -3953985.0 ] } },
{ "type": "Feature", "properties": { "time": "2023-09-22T03:00:13.861", "spatial_ref": 3577, "class": 300 }, "geometry": { "type": "Point", "coordinates": [ 1058235.0, -3984795.0 ] } },
{ "type": "Feature", "properties": { "time": "2023-09-22T03:00:13.861", "spatial_ref": 3577, "class": 300 }, "geometry": { "type": "Point", "coordinates": [ 1088985.0, -3981225.0 ] } },
{ "type": "Feature", "properties": { "time": "2023-09-22T03:00:13.861", "spatial_ref": 3577, "class": 300 }, "geometry": { "type": "Point", "coordinates": [ 1058685.0, -4024845.0 ] } },
{ "type": "Feature", "properties": { "time": "2023-09-22T03:00:13.861", "spatial_ref": 3577, "class": 300 }, "geometry": { "type": "Point", "coordinates": [ 1057575.0, -3939945.0 ] } },
{ "type": "Feature", "properties": { "time": "2023-09-22T03:00:13.861", "spatial_ref": 3577, "class": 300 }, "geometry": { "type": "Point", "coordinates": [ 1085775.0, -3973785.0 ] } },
{ "type": "Feature", "properties": { "time": "2023-09-22T03:00:13.861", "spatial_ref": 3577, "class": 300 }, "geometry": { "type": "Point", "coordinates": [ 1143405.0, -3944895.0 ] } },
{ "type": "Feature", "properties": { "time": "2023-09-22T03:00:13.861", "spatial_ref": 3577, "class": 300 }, "geometry": { "type": "Point", "coordinates": [ 1114455.0, -4029315.0 ] } },
{ "type": "Feature", "properties": { "time": "2023-09-22T03:00:13.861", "spatial_ref": 3577, "class": 300 }, "geometry": { "type": "Point", "coordinates": [ 1101165.0, -4014855.0 ] } },
{ "type": "Feature", "properties": { "time": "2023-09-22T03:00:13.861", "spatial_ref": 3577, "class": 300 }, "geometry": { "type": "Point", "coordinates": [ 1116855.0, -4008735.0 ] } },
{ "type": "Feature", "properties": { "time": "2023-09-22T03:00:13.861", "spatial_ref": 3577, "class": 300 }, "geometry": { "type": "Point", "coordinates": [ 1144665.0, -3963315.0 ] } },
{ "type": "Feature", "properties": { "time": "2023-09-22T03:00:13.861", "spatial_ref": 3577, "class": 300 }, "geometry": { "type": "Point", "coordinates": [ 1076145.0, -4016745.0 ] } },
{ "type": "Feature", "properties": { "time": "2023-09-22T03:00:13.861", "spatial_ref": 3577, "class": 300 }, "geometry": { "type": "Point", "coordinates": [ 1097265.0, -4021605.0 ] } },
{ "type": "Feature", "properties": { "time": "2023-09-22T03:00:13.861", "spatial_ref": 3577, "class": 300 }, "geometry": { "type": "Point", "coordinates": [ 1136775.0, -3996315.0 ] } },
{ "type": "Feature", "properties": { "time": "2023-09-22T03:00:13.861", "spatial_ref": 3577, "class": 300 }, "geometry": { "type": "Point", "coordinates": [ 1141455.0, -3937305.0 ] } },
{ "type": "Feature", "properties": { "time": "2023-09-22T03:00:13.861", "spatial_ref": 3577, "class": 300 }, "geometry": { "type": "Point", "coordinates": [ 1101735.0, -4016715.0 ] } },
{ "type": "Feature", "properties": { "time": "2023-09-22T03:00:13.861", "spatial_ref": 3577, "class": 300 }, "geometry": { "type": "Point", "coordinates": [ 1061715.0, -3953055.0 ] } },
{ "type": "Feature", "properties": { "time": "2023-09-22T03:00:13.861", "spatial_ref": 3577, "class": 300 }, "geometry": { "type": "Point", "coordinates": [ 1098435.0, -4019475.0 ] } },
{ "type": "Feature", "properties": { "time": "2023-09-22T03:00:13.861", "spatial_ref": 3577, "class": 300 }, "geometry": { "type": "Point", "coordinates": [ 1117455.0, -3989475.0 ] } },
{ "type": "Feature", "properties": { "time": "2023-09-22T03:00:13.861", "spatial_ref": 3577, "class": 300 }, "geometry": { "type": "Point", "coordinates": [ 1135545.0, -3975105.0 ] } },
{ "type": "Feature", "properties": { "time": "2023-09-22T03:00:13.861", "spatial_ref": 3577, "class": 300 }, "geometry": { "type": "Point", "coordinates": [ 1088955.0, -4003575.0 ] } },
{ "type": "Feature", "properties": { "time": "2023-09-22T03:00:13.861", "spatial_ref": 3577, "class": 300 }, "geometry": { "type": "Point", "coordinates": [ 1087305.0, -3946005.0 ] } },
{ "type": "Feature", "properties": { "time": "2023-09-22T03:00:13.861", "spatial_ref": 3577, "class": 300 }, "geometry": { "type": "Point", "coordinates": [ 1067385.0, -4023285.0 ] } },
{ "type": "Feature", "properties": { "time": "2023-09-22T03:00:13.861", "spatial_ref": 3577, "class": 300 }, "geometry": { "type": "Point", "coordinates": [ 1127865.0, -3937215.0 ] } },
{ "type": "Feature", "properties": { "time": "2023-09-22T03:00:13.861", "spatial_ref": 3577, "class": 300 }, "geometry": { "type": "Point", "coordinates": [ 1073145.0, -4019385.0 ] } },
{ "type": "Feature", "properties": { "time": "2023-09-22T03:00:13.861", "spatial_ref": 3577, "class": 300 }, "geometry": { "type": "Point", "coordinates": [ 1078335.0, -4014915.0 ] } },
{ "type": "Feature", "properties": { "time": "2023-09-22T03:00:13.861", "spatial_ref": 3577, "class": 300 }, "geometry": { "type": "Point", "coordinates": [ 1130835.0, -3961245.0 ] } },
{ "type": "Feature", "properties": { "time": "2023-09-22T03:00:13.861", "spatial_ref": 3577, "class": 300 }, "geometry": { "type": "Point", "coordinates": [ 1097745.0, -4010205.0 ] } },
{ "type": "Feature", "properties": { "time": "2023-09-22T03:00:13.861", "spatial_ref": 3577, "class": 300 }, "geometry": { "type": "Point", "coordinates": [ 1150755.0, -3965775.0 ] } },
{ "type": "Feature", "properties": { "time": "2023-09-22T03:00:13.861", "spatial_ref": 3577, "class": 300 }, "geometry": { "type": "Point", "coordinates": [ 1136625.0, -3992865.0 ] } },
{ "type": "Feature", "properties": { "time": "2023-09-22T03:00:13.861", "spatial_ref": 3577, "class": 300 }, "geometry": { "type": "Point", "coordinates": [ 1097535.0, -4013415.0 ] } },
{ "type": "Feature", "properties": { "time": "2023-09-22T03:00:13.861", "spatial_ref": 3577, "class": 300 }, "geometry": { "type": "Point", "coordinates": [ 1139025.0, -3951405.0 ] } },
{ "type": "Feature", "properties": { "time": "2023-09-22T03:00:13.861", "spatial_ref": 3577, "class": 300 }, "geometry": { "type": "Point", "coordinates": [ 1082985.0, -4029225.0 ] } },
{ "type": "Feature", "properties": { "time": "2023-09-22T03:00:13.861", "spatial_ref": 3577, "class": 300 }, "geometry": { "type": "Point", "coordinates": [ 1097895.0, -4023045.0 ] } },
{ "type": "Feature", "properties": { "time": "2023-09-22T03:00:13.861", "spatial_ref": 3577, "class": 300 }, "geometry": { "type": "Point", "coordinates": [ 1141515.0, -3939795.0 ] } },
{ "type": "Feature", "properties": { "time": "2023-09-22T03:00:13.861", "spatial_ref": 3577, "class": 300 }, "geometry": { "type": "Point", "coordinates": [ 1061955.0, -3954135.0 ] } },
{ "type": "Feature", "properties": { "time": "2023-09-22T03:00:13.861", "spatial_ref": 3577, "class": 300 }, "geometry": { "type": "Point", "coordinates": [ 1099185.0, -4014825.0 ] } },
{ "type": "Feature", "properties": { "time": "2023-09-22T03:00:13.861", "spatial_ref": 3577, "class": 300 }, "geometry": { "type": "Point", "coordinates": [ 1149825.0, -3965805.0 ] } },
{ "type": "Feature", "properties": { "time": "2023-09-22T03:00:13.861", "spatial_ref": 3577, "class": 300 }, "geometry": { "type": "Point", "coordinates": [ 1119045.0, -3947805.0 ] } },
{ "type": "Feature", "properties": { "time": "2023-09-22T03:00:13.861", "spatial_ref": 3577, "class": 300 }, "geometry": { "type": "Point", "coordinates": [ 1086105.0, -4025355.0 ] } },
{ "type": "Feature", "properties": { "time": "2023-09-22T03:00:13.861", "spatial_ref": 3577, "class": 300 }, "geometry": { "type": "Point", "coordinates": [ 1081875.0, -3947805.0 ] } },
{ "type": "Feature", "properties": { "time": "2023-09-22T03:00:13.861", "spatial_ref": 3577, "class": 300 }, "geometry": { "type": "Point", "coordinates": [ 1069335.0, -4023195.0 ] } },
{ "type": "Feature", "properties": { "time": "2023-09-22T03:00:13.861", "spatial_ref": 3577, "class": 300 }, "geometry": { "type": "Point", "coordinates": [ 1058085.0, -4017675.0 ] } },
{ "type": "Feature", "properties": { "time": "2023-09-22T03:00:13.861", "spatial_ref": 3577, "class": 300 }, "geometry": { "type": "Point", "coordinates": [ 1144215.0, -3988215.0 ] } },
{ "type": "Feature", "properties": { "time": "2023-09-22T03:00:13.861", "spatial_ref": 3577, "class": 300 }, "geometry": { "type": "Point", "coordinates": [ 1083585.0, -3957405.0 ] } },
{ "type": "Feature", "properties": { "time": "2023-09-22T03:00:13.861", "spatial_ref": 3577, "class": 300 }, "geometry": { "type": "Point", "coordinates": [ 1133025.0, -3951105.0 ] } },
{ "type": "Feature", "properties": { "time": "2023-09-22T03:00:13.861", "spatial_ref": 3577, "class": 300 }, "geometry": { "type": "Point", "coordinates": [ 1114665.0, -3997725.0 ] } },
{ "type": "Feature", "properties": { "time": "2023-09-22T03:00:13.861", "spatial_ref": 3577, "class": 300 }, "geometry": { "type": "Point", "coordinates": [ 1130835.0, -3963675.0 ] } },
{ "type": "Feature", "properties": { "time": "2023-09-22T03:00:13.861", "spatial_ref": 3577, "class": 300 }, "geometry": { "type": "Point", "coordinates": [ 1074135.0, -3948375.0 ] } },
{ "type": "Feature", "properties": { "time": "2023-09-22T03:00:13.861", "spatial_ref": 3577, "class": 300 }, "geometry": { "type": "Point", "coordinates": [ 1120935.0, -3944745.0 ] } },
{ "type": "Feature", "properties": { "time": "2023-09-22T03:00:13.861", "spatial_ref": 3577, "class": 300 }, "geometry": { "type": "Point", "coordinates": [ 1100415.0, -4028715.0 ] } },
{ "type": "Feature", "properties": { "time": "2023-09-22T03:00:13.861", "spatial_ref": 3577, "class": 300 }, "geometry": { "type": "Point", "coordinates": [ 1144215.0, -3973005.0 ] } },
{ "type": "Feature", "properties": { "time": "2023-09-22T03:00:13.861", "spatial_ref": 3577, "class": 300 }, "geometry": { "type": "Point", "coordinates": [ 1121775.0, -4006215.0 ] } },
{ "type": "Feature", "properties": { "time": "2023-09-22T03:00:13.861", "spatial_ref": 3577, "class": 300 }, "geometry": { "type": "Point", "coordinates": [ 1151955.0, -3949395.0 ] } },
{ "type": "Feature", "properties": { "time": "2023-09-22T03:00:13.861", "spatial_ref": 3577, "class": 300 }, "geometry": { "type": "Point", "coordinates": [ 1131885.0, -3986025.0 ] } },
{ "type": "Feature", "properties": { "time": "2023-09-22T03:00:13.861", "spatial_ref": 3577, "class": 300 }, "geometry": { "type": "Point", "coordinates": [ 1071495.0, -3977655.0 ] } },
{ "type": "Feature", "properties": { "time": "2023-09-22T03:00:13.861", "spatial_ref": 3577, "class": 300 }, "geometry": { "type": "Point", "coordinates": [ 1125525.0, -3959805.0 ] } },
{ "type": "Feature", "properties": { "time": "2023-09-22T03:00:13.861", "spatial_ref": 3577, "class": 300 }, "geometry": { "type": "Point", "coordinates": [ 1111845.0, -4020885.0 ] } },
{ "type": "Feature", "properties": { "time": "2023-09-22T03:00:13.861", "spatial_ref": 3577, "class": 300 }, "geometry": { "type": "Point", "coordinates": [ 1084665.0, -4023435.0 ] } },
{ "type": "Feature", "properties": { "time": "2023-09-22T03:00:13.861", "spatial_ref": 3577, "class": 300 }, "geometry": { "type": "Point", "coordinates": [ 1080615.0, -3970425.0 ] } },
{ "type": "Feature", "properties": { "time": "2023-09-22T03:00:13.861", "spatial_ref": 3577, "class": 300 }, "geometry": { "type": "Point", "coordinates": [ 1057005.0, -3951795.0 ] } },
{ "type": "Feature", "properties": { "time": "2023-09-22T03:00:13.861", "spatial_ref": 3577, "class": 300 }, "geometry": { "type": "Point", "coordinates": [ 1103985.0, -4005945.0 ] } },
{ "type": "Feature", "properties": { "time": "2023-09-22T03:00:13.861", "spatial_ref": 3577, "class": 300 }, "geometry": { "type": "Point", "coordinates": [ 1142655.0, -3997695.0 ] } },
{ "type": "Feature", "properties": { "time": "2023-09-22T03:00:13.861", "spatial_ref": 3577, "class": 300 }, "geometry": { "type": "Point", "coordinates": [ 1100235.0, -3992445.0 ] } },
{ "type": "Feature", "properties": { "time": "2023-09-22T03:00:13.861", "spatial_ref": 3577, "class": 300 }, "geometry": { "type": "Point", "coordinates": [ 1065285.0, -3950985.0 ] } },
{ "type": "Feature", "properties": { "time": "2023-09-22T03:00:13.861", "spatial_ref": 3577, "class": 300 }, "geometry": { "type": "Point", "coordinates": [ 1129545.0, -4009815.0 ] } },
{ "type": "Feature", "properties": { "time": "2023-09-22T03:00:13.861", "spatial_ref": 3577, "class": 300 }, "geometry": { "type": "Point", "coordinates": [ 1110765.0, -4019115.0 ] } },
{ "type": "Feature", "properties": { "time": "2023-09-22T03:00:13.861", "spatial_ref": 3577, "class": 300 }, "geometry": { "type": "Point", "coordinates": [ 1098075.0, -3995025.0 ] } },
{ "type": "Feature", "properties": { "time": "2023-09-22T03:00:13.861", "spatial_ref": 3577, "class": 300 }, "geometry": { "type": "Point", "coordinates": [ 1102335.0, -3987585.0 ] } },
{ "type": "Feature", "properties": { "time": "2023-09-22T03:00:13.861", "spatial_ref": 3577, "class": 300 }, "geometry": { "type": "Point", "coordinates": [ 1129515.0, -3946305.0 ] } },
{ "type": "Feature", "properties": { "time": "2023-09-22T03:00:13.861", "spatial_ref": 3577, "class": 300 }, "geometry": { "type": "Point", "coordinates": [ 1148025.0, -3946065.0 ] } },
{ "type": "Feature", "properties": { "time": "2023-09-22T03:00:13.861", "spatial_ref": 3577, "class": 300 }, "geometry": { "type": "Point", "coordinates": [ 1136145.0, -3948735.0 ] } },
{ "type": "Feature", "properties": { "time": "2023-09-22T03:00:13.861", "spatial_ref": 3577, "class": 300 }, "geometry": { "type": "Point", "coordinates": [ 1121835.0, -3955785.0 ] } },
{ "type": "Feature", "properties": { "time": "2023-09-22T03:00:13.861", "spatial_ref": 3577, "class": 300 }, "geometry": { "type": "Point", "coordinates": [ 1064835.0, -4002615.0 ] } },
{ "type": "Feature", "properties": { "time": "2023-09-22T03:00:13.861", "spatial_ref": 3577, "class": 300 }, "geometry": { "type": "Point", "coordinates": [ 1075035.0, -4021395.0 ] } },
{ "type": "Feature", "properties": { "time": "2023-09-22T03:00:13.861", "spatial_ref": 3577, "class": 300 }, "geometry": { "type": "Point", "coordinates": [ 1137225.0, -3953775.0 ] } },
{ "type": "Feature", "properties": { "time": "2023-09-22T03:00:13.861", "spatial_ref": 3577, "class": 300 }, "geometry": { "type": "Point", "coordinates": [ 1116405.0, -3940875.0 ] } },
{ "type": "Feature", "properties": { "time": "2023-09-22T03:00:13.861", "spatial_ref": 3577, "class": 300 }, "geometry": { "type": "Point", "coordinates": [ 1094715.0, -4018875.0 ] } },
{ "type": "Feature", "properties": { "time": "2023-09-22T03:00:13.861", "spatial_ref": 3577, "class": 300 }, "geometry": { "type": "Point", "coordinates": [ 1148955.0, -3962085.0 ] } },
{ "type": "Feature", "properties": { "time": "2023-09-22T03:00:13.861", "spatial_ref": 3577, "class": 300 }, "geometry": { "type": "Point", "coordinates": [ 1097085.0, -4007385.0 ] } },
{ "type": "Feature", "properties": { "time": "2023-09-22T03:00:13.861", "spatial_ref": 3577, "class": 300 }, "geometry": { "type": "Point", "coordinates": [ 1148145.0, -3992295.0 ] } },
{ "type": "Feature", "properties": { "time": "2023-09-22T03:00:13.861", "spatial_ref": 3577, "class": 300 }, "geometry": { "type": "Point", "coordinates": [ 1140465.0, -3994305.0 ] } },
{ "type": "Feature", "properties": { "time": "2023-09-22T03:00:13.861", "spatial_ref": 3577, "class": 300 }, "geometry": { "type": "Point", "coordinates": [ 1079445.0, -3939555.0 ] } },
{ "type": "Feature", "properties": { "time": "2023-09-22T03:00:13.861", "spatial_ref": 3577, "class": 300 }, "geometry": { "type": "Point", "coordinates": [ 1138965.0, -3987675.0 ] } },
{ "type": "Feature", "properties": { "time": "2023-09-22T03:00:13.861", "spatial_ref": 3577, "class": 300 }, "geometry": { "type": "Point", "coordinates": [ 1145355.0, -4010325.0 ] } },
{ "type": "Feature", "properties": { "time": "2023-09-22T03:00:13.861", "spatial_ref": 3577, "class": 300 }, "geometry": { "type": "Point", "coordinates": [ 1097595.0, -3992565.0 ] } },
{ "type": "Feature", "properties": { "time": "2023-09-22T03:00:13.861", "spatial_ref": 3577, "class": 300 }, "geometry": { "type": "Point", "coordinates": [ 1095675.0, -3995655.0 ] } },
{ "type": "Feature", "properties": { "time": "2023-09-22T03:00:13.861", "spatial_ref": 3577, "class": 300 }, "geometry": { "type": "Point", "coordinates": [ 1148955.0, -4010685.0 ] } },
{ "type": "Feature", "properties": { "time": "2023-09-22T03:00:13.861", "spatial_ref": 3577, "class": 300 }, "geometry": { "type": "Point", "coordinates": [ 1129005.0, -3949545.0 ] } },
{ "type": "Feature", "properties": { "time": "2023-09-22T03:00:13.861", "spatial_ref": 3577, "class": 300 }, "geometry": { "type": "Point", "coordinates": [ 1060575.0, -3972555.0 ] } },
{ "type": "Feature", "properties": { "time": "2023-09-22T03:00:13.861", "spatial_ref": 3577, "class": 300 }, "geometry": { "type": "Point", "coordinates": [ 1124505.0, -3955035.0 ] } },
{ "type": "Feature", "properties": { "time": "2023-09-22T03:00:13.861", "spatial_ref": 3577, "class": 300 }, "geometry": { "type": "Point", "coordinates": [ 1096035.0, -4020045.0 ] } },
{ "type": "Feature", "properties": { "time": "2023-09-22T03:00:13.861", "spatial_ref": 3577, "class": 300 }, "geometry": { "type": "Point", "coordinates": [ 1099095.0, -3993915.0 ] } },
{ "type": "Feature", "properties": { "time": "2023-09-22T03:00:13.861", "spatial_ref": 3577, "class": 300 }, "geometry": { "type": "Point", "coordinates": [ 1057785.0, -4022505.0 ] } },
{ "type": "Feature", "properties": { "time": "2023-09-22T03:00:13.861", "spatial_ref": 3577, "class": 300 }, "geometry": { "type": "Point", "coordinates": [ 1149615.0, -3972885.0 ] } },
{ "type": "Feature", "properties": { "time": "2023-09-22T03:00:13.861", "spatial_ref": 3577, "class": 300 }, "geometry": { "type": "Point", "coordinates": [ 1108395.0, -4030005.0 ] } },
{ "type": "Feature", "properties": { "time": "2023-09-22T03:00:13.861", "spatial_ref": 3577, "class": 300 }, "geometry": { "type": "Point", "coordinates": [ 1089105.0, -4011645.0 ] } },
{ "type": "Feature", "properties": { "time": "2023-09-22T03:00:13.861", "spatial_ref": 3577, "class": 300 }, "geometry": { "type": "Point", "coordinates": [ 1059735.0, -4027065.0 ] } },
{ "type": "Feature", "properties": { "time": "2023-09-22T03:00:13.861", "spatial_ref": 3577, "class": 300 }, "geometry": { "type": "Point", "coordinates": [ 1092435.0, -4016655.0 ] } },
{ "type": "Feature", "properties": { "time": "2023-09-22T03:00:13.861", "spatial_ref": 3577, "class": 300 }, "geometry": { "type": "Point", "coordinates": [ 1136775.0, -3985305.0 ] } },
{ "type": "Feature", "properties": { "time": "2023-09-22T03:00:13.861", "spatial_ref": 3577, "class": 300 }, "geometry": { "type": "Point", "coordinates": [ 1120065.0, -3981345.0 ] } },
{ "type": "Feature", "properties": { "time": "2023-09-22T03:00:13.861", "spatial_ref": 3577, "class": 300 }, "geometry": { "type": "Point", "coordinates": [ 1129245.0, -4009875.0 ] } },
{ "type": "Feature", "properties": { "time": "2023-09-22T03:00:13.861", "spatial_ref": 3577, "class": 300 }, "geometry": { "type": "Point", "coordinates": [ 1127025.0, -3969615.0 ] } },
{ "type": "Feature", "properties": { "time": "2023-09-22T03:00:13.861", "spatial_ref": 3577, "class": 300 }, "geometry": { "type": "Point", "coordinates": [ 1103805.0, -3992595.0 ] } },
{ "type": "Feature", "properties": { "time": "2023-09-22T03:00:13.861", "spatial_ref": 3577, "class": 300 }, "geometry": { "type": "Point", "coordinates": [ 1074825.0, -4012095.0 ] } },
{ "type": "Feature", "properties": { "time": "2023-09-22T03:00:13.861", "spatial_ref": 3577, "class": 300 }, "geometry": { "type": "Point", "coordinates": [ 1062495.0, -3958125.0 ] } },
{ "type": "Feature", "properties": { "time": "2023-09-22T03:00:13.861", "spatial_ref": 3577, "class": 300 }, "geometry": { "type": "Point", "coordinates": [ 1061235.0, -4002435.0 ] } },
{ "type": "Feature", "properties": { "time": "2023-09-22T03:00:13.861", "spatial_ref": 3577, "class": 300 }, "geometry": { "type": "Point", "coordinates": [ 1143315.0, -3972525.0 ] } },
{ "type": "Feature", "properties": { "time": "2023-09-22T03:00:13.861", "spatial_ref": 3577, "class": 300 }, "geometry": { "type": "Point", "coordinates": [ 1104045.0, -3992085.0 ] } },
{ "type": "Feature", "properties": { "time": "2023-09-22T03:00:13.861", "spatial_ref": 3577, "class": 300 }, "geometry": { "type": "Point", "coordinates": [ 1099755.0, -4021035.0 ] } },
{ "type": "Feature", "properties": { "time": "2023-09-22T03:00:13.861", "spatial_ref": 3577, "class": 300 }, "geometry": { "type": "Point", "coordinates": [ 1057275.0, -4025445.0 ] } },
{ "type": "Feature", "properties": { "time": "2023-09-22T03:00:13.861", "spatial_ref": 3577, "class": 300 }, "geometry": { "type": "Point", "coordinates": [ 1115235.0, -3993195.0 ] } },
{ "type": "Feature", "properties": { "time": "2023-09-22T03:00:13.861", "spatial_ref": 3577, "class": 300 }, "geometry": { "type": "Point", "coordinates": [ 1109835.0, -4012635.0 ] } },
{ "type": "Feature", "properties": { "time": "2023-09-22T03:00:13.861", "spatial_ref": 3577, "class": 300 }, "geometry": { "type": "Point", "coordinates": [ 1118175.0, -3990435.0 ] } },
{ "type": "Feature", "properties": { "time": "2023-09-22T03:00:13.861", "spatial_ref": 3577, "class": 300 }, "geometry": { "type": "Point", "coordinates": [ 1081485.0, -4025205.0 ] } },
{ "type": "Feature", "properties": { "time": "2023-09-22T03:00:13.861", "spatial_ref": 3577, "class": 300 }, "geometry": { "type": "Point", "coordinates": [ 1140525.0, -4000605.0 ] } },
{ "type": "Feature", "properties": { "time": "2023-09-22T03:00:13.861", "spatial_ref": 3577, "class": 300 }, "geometry": { "type": "Point", "coordinates": [ 1123875.0, -4028805.0 ] } },
{ "type": "Feature", "properties": { "time": "2023-09-22T03:00:13.861", "spatial_ref": 3577, "class": 300 }, "geometry": { "type": "Point", "coordinates": [ 1073265.0, -3971385.0 ] } },
{ "type": "Feature", "properties": { "time": "2023-09-22T03:00:13.861", "spatial_ref": 3577, "class": 300 }, "geometry": { "type": "Point", "coordinates": [ 1065645.0, -4029825.0 ] } },
{ "type": "Feature", "properties": { "time": "2023-09-22T03:00:13.861", "spatial_ref": 3577, "class": 300 }, "geometry": { "type": "Point", "coordinates": [ 1067415.0, -3982845.0 ] } },
{ "type": "Feature", "properties": { "time": "2023-09-22T03:00:13.861", "spatial_ref": 3577, "class": 300 }, "geometry": { "type": "Point", "coordinates": [ 1110525.0, -3945405.0 ] } },
{ "type": "Feature", "properties": { "time": "2023-09-22T03:00:13.861", "spatial_ref": 3577, "class": 300 }, "geometry": { "type": "Point", "coordinates": [ 1125675.0, -4030485.0 ] } },
{ "type": "Feature", "properties": { "time": "2023-09-22T03:00:13.861", "spatial_ref": 3577, "class": 300 }, "geometry": { "type": "Point", "coordinates": [ 1147365.0, -3964725.0 ] } },
{ "type": "Feature", "properties": { "time": "2023-09-22T03:00:13.861", "spatial_ref": 3577, "class": 300 }, "geometry": { "type": "Point", "coordinates": [ 1089165.0, -4019775.0 ] } },
{ "type": "Feature", "properties": { "time": "2023-09-22T03:00:13.861", "spatial_ref": 3577, "class": 300 }, "geometry": { "type": "Point", "coordinates": [ 1149675.0, -3956295.0 ] } },
{ "type": "Feature", "properties": { "time": "2023-09-22T03:00:13.861", "spatial_ref": 3577, "class": 300 }, "geometry": { "type": "Point", "coordinates": [ 1112325.0, -4010205.0 ] } },
{ "type": "Feature", "properties": { "time": "2023-09-22T03:00:13.861", "spatial_ref": 3577, "class": 300 }, "geometry": { "type": "Point", "coordinates": [ 1106685.0, -4018755.0 ] } },
{ "type": "Feature", "properties": { "time": "2023-09-22T03:00:13.861", "spatial_ref": 3577, "class": 300 }, "geometry": { "type": "Point", "coordinates": [ 1079445.0, -4020945.0 ] } },
{ "type": "Feature", "properties": { "time": "2023-09-22T03:00:13.861", "spatial_ref": 3577, "class": 300 }, "geometry": { "type": "Point", "coordinates": [ 1104975.0, -3992805.0 ] } },
{ "type": "Feature", "properties": { "time": "2023-09-22T03:00:13.861", "spatial_ref": 3577, "class": 300 }, "geometry": { "type": "Point", "coordinates": [ 1101765.0, -4026225.0 ] } },
{ "type": "Feature", "properties": { "time": "2023-09-22T03:00:13.861", "spatial_ref": 3577, "class": 300 }, "geometry": { "type": "Point", "coordinates": [ 1099065.0, -3997455.0 ] } },
{ "type": "Feature", "properties": { "time": "2023-09-22T03:00:13.861", "spatial_ref": 3577, "class": 300 }, "geometry": { "type": "Point", "coordinates": [ 1079985.0, -3943455.0 ] } },
{ "type": "Feature", "properties": { "time": "2023-09-22T03:00:13.861", "spatial_ref": 3577, "class": 300 }, "geometry": { "type": "Point", "coordinates": [ 1138395.0, -4001055.0 ] } },
{ "type": "Feature", "properties": { "time": "2023-09-22T03:00:13.861", "spatial_ref": 3577, "class": 300 }, "geometry": { "type": "Point", "coordinates": [ 1116465.0, -3953325.0 ] } },
{ "type": "Feature", "properties": { "time": "2023-09-22T03:00:13.861", "spatial_ref": 3577, "class": 300 }, "geometry": { "type": "Point", "coordinates": [ 1079745.0, -3951255.0 ] } },
{ "type": "Feature", "properties": { "time": "2023-09-22T03:00:13.861", "spatial_ref": 3577, "class": 300 }, "geometry": { "type": "Point", "coordinates": [ 1129335.0, -3999825.0 ] } },
{ "type": "Feature", "properties": { "time": "2023-09-22T03:00:13.861", "spatial_ref": 3577, "class": 300 }, "geometry": { "type": "Point", "coordinates": [ 1149345.0, -3985275.0 ] } },
{ "type": "Feature", "properties": { "time": "2023-09-22T03:00:13.861", "spatial_ref": 3577, "class": 300 }, "geometry": { "type": "Point", "coordinates": [ 1061475.0, -3974955.0 ] } },
{ "type": "Feature", "properties": { "time": "2023-09-22T03:00:13.861", "spatial_ref": 3577, "class": 300 }, "geometry": { "type": "Point", "coordinates": [ 1063845.0, -3989325.0 ] } },
{ "type": "Feature", "properties": { "time": "2023-09-22T03:00:13.861", "spatial_ref": 3577, "class": 300 }, "geometry": { "type": "Point", "coordinates": [ 1122165.0, -3960675.0 ] } },
{ "type": "Feature", "properties": { "time": "2023-09-22T03:00:13.861", "spatial_ref": 3577, "class": 300 }, "geometry": { "type": "Point", "coordinates": [ 1132485.0, -3972795.0 ] } },
{ "type": "Feature", "properties": { "time": "2023-09-22T03:00:13.861", "spatial_ref": 3577, "class": 300 }, "geometry": { "type": "Point", "coordinates": [ 1140375.0, -3997785.0 ] } },
{ "type": "Feature", "properties": { "time": "2023-09-22T03:00:13.861", "spatial_ref": 3577, "class": 300 }, "geometry": { "type": "Point", "coordinates": [ 1109895.0, -4015995.0 ] } },
{ "type": "Feature", "properties": { "time": "2023-09-22T03:00:13.861", "spatial_ref": 3577, "class": 300 }, "geometry": { "type": "Point", "coordinates": [ 1103445.0, -4001715.0 ] } },
{ "type": "Feature", "properties": { "time": "2023-09-22T03:00:13.861", "spatial_ref": 3577, "class": 300 }, "geometry": { "type": "Point", "coordinates": [ 1063035.0, -4019505.0 ] } },
{ "type": "Feature", "properties": { "time": "2023-09-22T03:00:13.861", "spatial_ref": 3577, "class": 300 }, "geometry": { "type": "Point", "coordinates": [ 1058205.0, -3950145.0 ] } },
{ "type": "Feature", "properties": { "time": "2023-09-22T03:00:13.861", "spatial_ref": 3577, "class": 300 }, "geometry": { "type": "Point", "coordinates": [ 1117425.0, -4004775.0 ] } },
{ "type": "Feature", "properties": { "time": "2023-09-22T03:00:13.861", "spatial_ref": 3577, "class": 300 }, "geometry": { "type": "Point", "coordinates": [ 1107735.0, -4016355.0 ] } },
{ "type": "Feature", "properties": { "time": "2023-09-22T03:00:13.861", "spatial_ref": 3577, "class": 300 }, "geometry": { "type": "Point", "coordinates": [ 1132815.0, -3966555.0 ] } },
{ "type": "Feature", "properties": { "time": "2023-09-22T03:00:13.861", "spatial_ref": 3577, "class": 300 }, "geometry": { "type": "Point", "coordinates": [ 1097025.0, -4008225.0 ] } },
{ "type": "Feature", "properties": { "time": "2023-09-22T03:00:13.861", "spatial_ref": 3577, "class": 300 }, "geometry": { "type": "Point", "coordinates": [ 1103625.0, -4027935.0 ] } },
{ "type": "Feature", "properties": { "time": "2023-09-22T03:00:13.861", "spatial_ref": 3577, "class": 300 }, "geometry": { "type": "Point", "coordinates": [ 1104675.0, -4028895.0 ] } },
{ "type": "Feature", "properties": { "time": "2023-09-22T03:00:13.861", "spatial_ref": 3577, "class": 300 }, "geometry": { "type": "Point", "coordinates": [ 1075515.0, -4011105.0 ] } },
{ "type": "Feature", "properties": { "time": "2023-09-22T03:00:13.861", "spatial_ref": 3577, "class": 300 }, "geometry": { "type": "Point", "coordinates": [ 1141515.0, -3941415.0 ] } },
{ "type": "Feature", "properties": { "time": "2023-09-22T03:00:13.861", "spatial_ref": 3577, "class": 300 }, "geometry": { "type": "Point", "coordinates": [ 1111875.0, -4019955.0 ] } },
{ "type": "Feature", "properties": { "time": "2023-09-22T03:00:13.861", "spatial_ref": 3577, "class": 300 }, "geometry": { "type": "Point", "coordinates": [ 1076475.0, -4023105.0 ] } },
{ "type": "Feature", "properties": { "time": "2023-09-22T03:00:13.861", "spatial_ref": 3577, "class": 300 }, "geometry": { "type": "Point", "coordinates": [ 1090365.0, -3996435.0 ] } },
{ "type": "Feature", "properties": { "time": "2023-09-22T03:00:13.861", "spatial_ref": 3577, "class": 300 }, "geometry": { "type": "Point", "coordinates": [ 1101975.0, -3990735.0 ] } },
{ "type": "Feature", "properties": { "time": "2023-09-22T03:00:13.861", "spatial_ref": 3577, "class": 300 }, "geometry": { "type": "Point", "coordinates": [ 1096725.0, -3980775.0 ] } },
{ "type": "Feature", "properties": { "time": "2023-09-22T03:00:13.861", "spatial_ref": 3577, "class": 300 }, "geometry": { "type": "Point", "coordinates": [ 1136205.0, -4004895.0 ] } },
{ "type": "Feature", "properties": { "time": "2023-09-22T03:00:13.861", "spatial_ref": 3577, "class": 300 }, "geometry": { "type": "Point", "coordinates": [ 1072635.0, -4017525.0 ] } },
{ "type": "Feature", "properties": { "time": "2023-09-22T03:00:13.861", "spatial_ref": 3577, "class": 300 }, "geometry": { "type": "Point", "coordinates": [ 1105155.0, -4006695.0 ] } },
{ "type": "Feature", "properties": { "time": "2023-09-22T03:00:13.861", "spatial_ref": 3577, "class": 300 }, "geometry": { "type": "Point", "coordinates": [ 1146075.0, -3993465.0 ] } },
{ "type": "Feature", "properties": { "time": "2023-09-22T03:00:13.861", "spatial_ref": 3577, "class": 300 }, "geometry": { "type": "Point", "coordinates": [ 1147665.0, -3963135.0 ] } },
{ "type": "Feature", "properties": { "time": "2023-09-22T03:00:13.861", "spatial_ref": 3577, "class": 300 }, "geometry": { "type": "Point", "coordinates": [ 1067445.0, -4013265.0 ] } },
{ "type": "Feature", "properties": { "time": "2023-09-22T03:00:13.861", "spatial_ref": 3577, "class": 300 }, "geometry": { "type": "Point", "coordinates": [ 1127235.0, -3943665.0 ] } },
{ "type": "Feature", "properties": { "time": "2023-09-22T03:00:13.861", "spatial_ref": 3577, "class": 300 }, "geometry": { "type": "Point", "coordinates": [ 1150395.0, -3936465.0 ] } },
{ "type": "Feature", "properties": { "time": "2023-09-22T03:00:13.861", "spatial_ref": 3577, "class": 300 }, "geometry": { "type": "Point", "coordinates": [ 1060995.0, -3974085.0 ] } },
{ "type": "Feature", "properties": { "time": "2023-09-22T03:00:13.861", "spatial_ref": 3577, "class": 300 }, "geometry": { "type": "Point", "coordinates": [ 1057335.0, -4011825.0 ] } },
{ "type": "Feature", "properties": { "time": "2023-09-22T03:00:13.861", "spatial_ref": 3577, "class": 300 }, "geometry": { "type": "Point", "coordinates": [ 1115535.0, -4004895.0 ] } },
{ "type": "Feature", "properties": { "time": "2023-09-22T03:00:13.861", "spatial_ref": 3577, "class": 300 }, "geometry": { "type": "Point", "coordinates": [ 1141545.0, -4022835.0 ] } },
{ "type": "Feature", "properties": { "time": "2023-09-22T03:00:13.861", "spatial_ref": 3577, "class": 300 }, "geometry": { "type": "Point", "coordinates": [ 1076355.0, -3997995.0 ] } },
{ "type": "Feature", "properties": { "time": "2023-09-22T03:00:13.861", "spatial_ref": 3577, "class": 300 }, "geometry": { "type": "Point", "coordinates": [ 1099155.0, -4024635.0 ] } },
{ "type": "Feature", "properties": { "time": "2023-09-22T03:00:13.861", "spatial_ref": 3577, "class": 300 }, "geometry": { "type": "Point", "coordinates": [ 1142145.0, -4014255.0 ] } },
{ "type": "Feature", "properties": { "time": "2023-09-22T03:00:13.861", "spatial_ref": 3577, "class": 300 }, "geometry": { "type": "Point", "coordinates": [ 1140045.0, -3982725.0 ] } },
{ "type": "Feature", "properties": { "time": "2023-09-22T03:00:13.861", "spatial_ref": 3577, "class": 300 }, "geometry": { "type": "Point", "coordinates": [ 1072515.0, -4008855.0 ] } },
{ "type": "Feature", "properties": { "time": "2023-09-22T03:00:13.861", "spatial_ref": 3577, "class": 300 }, "geometry": { "type": "Point", "coordinates": [ 1121025.0, -3994245.0 ] } },
{ "type": "Feature", "properties": { "time": "2023-09-22T03:00:13.861", "spatial_ref": 3577, "class": 300 }, "geometry": { "type": "Point", "coordinates": [ 1070595.0, -3982065.0 ] } },
{ "type": "Feature", "properties": { "time": "2023-09-22T03:00:13.861", "spatial_ref": 3577, "class": 300 }, "geometry": { "type": "Point", "coordinates": [ 1128225.0, -3955905.0 ] } },
{ "type": "Feature", "properties": { "time": "2023-09-22T03:00:13.861", "spatial_ref": 3577, "class": 300 }, "geometry": { "type": "Point", "coordinates": [ 1067265.0, -4021695.0 ] } },
{ "type": "Feature", "properties": { "time": "2023-09-22T03:00:13.861", "spatial_ref": 3577, "class": 300 }, "geometry": { "type": "Point", "coordinates": [ 1103685.0, -4028205.0 ] } },
{ "type": "Feature", "properties": { "time": "2023-09-22T03:00:13.861", "spatial_ref": 3577, "class": 300 }, "geometry": { "type": "Point", "coordinates": [ 1117665.0, -3997335.0 ] } },
{ "type": "Feature", "properties": { "time": "2023-09-22T03:00:13.861", "spatial_ref": 3577, "class": 300 }, "geometry": { "type": "Point", "coordinates": [ 1093485.0, -4000185.0 ] } },
{ "type": "Feature", "properties": { "time": "2023-09-22T03:00:13.861", "spatial_ref": 3577, "class": 300 }, "geometry": { "type": "Point", "coordinates": [ 1129995.0, -4012065.0 ] } },
{ "type": "Feature", "properties": { "time": "2023-09-22T03:00:13.861", "spatial_ref": 3577, "class": 300 }, "geometry": { "type": "Point", "coordinates": [ 1121295.0, -3985665.0 ] } },
{ "type": "Feature", "properties": { "time": "2023-09-22T03:00:13.861", "spatial_ref": 3577, "class": 300 }, "geometry": { "type": "Point", "coordinates": [ 1057395.0, -3953475.0 ] } },
{ "type": "Feature", "properties": { "time": "2023-09-22T03:00:13.861", "spatial_ref": 3577, "class": 300 }, "geometry": { "type": "Point", "coordinates": [ 1122375.0, -3993765.0 ] } },
{ "type": "Feature", "properties": { "time": "2023-09-22T03:00:13.861", "spatial_ref": 3577, "class": 300 }, "geometry": { "type": "Point", "coordinates": [ 1063035.0, -4005015.0 ] } },
{ "type": "Feature", "properties": { "time": "2023-09-22T03:00:13.861", "spatial_ref": 3577, "class": 300 }, "geometry": { "type": "Point", "coordinates": [ 1136865.0, -3985755.0 ] } },
{ "type": "Feature", "properties": { "time": "2023-09-22T03:00:13.861", "spatial_ref": 3577, "class": 300 }, "geometry": { "type": "Point", "coordinates": [ 1124025.0, -3951975.0 ] } },
{ "type": "Feature", "properties": { "time": "2023-09-22T03:00:13.861", "spatial_ref": 3577, "class": 300 }, "geometry": { "type": "Point", "coordinates": [ 1057035.0, -3947325.0 ] } },
{ "type": "Feature", "properties": { "time": "2023-09-22T03:00:13.861", "spatial_ref": 3577, "class": 300 }, "geometry": { "type": "Point", "coordinates": [ 1099035.0, -4022895.0 ] } },
{ "type": "Feature", "properties": { "time": "2023-09-22T03:00:13.861", "spatial_ref": 3577, "class": 300 }, "geometry": { "type": "Point", "coordinates": [ 1094355.0, -4019265.0 ] } },
{ "type": "Feature", "properties": { "time": "2023-09-22T03:00:13.861", "spatial_ref": 3577, "class": 300 }, "geometry": { "type": "Point", "coordinates": [ 1063755.0, -4029465.0 ] } },
{ "type": "Feature", "properties": { "time": "2023-09-22T03:00:13.861", "spatial_ref": 3577, "class": 300 }, "geometry": { "type": "Point", "coordinates": [ 1056315.0, -3968685.0 ] } },
{ "type": "Feature", "properties": { "time": "2023-09-22T03:00:13.861", "spatial_ref": 3577, "class": 300 }, "geometry": { "type": "Point", "coordinates": [ 1102665.0, -4019445.0 ] } },
{ "type": "Feature", "properties": { "time": "2023-09-22T03:00:13.861", "spatial_ref": 3577, "class": 300 }, "geometry": { "type": "Point", "coordinates": [ 1147935.0, -3999945.0 ] } },
{ "type": "Feature", "properties": { "time": "2023-09-22T03:00:13.861", "spatial_ref": 3577, "class": 300 }, "geometry": { "type": "Point", "coordinates": [ 1121625.0, -4026135.0 ] } },
{ "type": "Feature", "properties": { "time": "2023-09-22T03:00:13.861", "spatial_ref": 3577, "class": 300 }, "geometry": { "type": "Point", "coordinates": [ 1125345.0, -4015365.0 ] } },
{ "type": "Feature", "properties": { "time": "2023-09-22T03:00:13.861", "spatial_ref": 3577, "class": 300 }, "geometry": { "type": "Point", "coordinates": [ 1104495.0, -3978405.0 ] } },
{ "type": "Feature", "properties": { "time": "2023-09-22T03:00:13.861", "spatial_ref": 3577, "class": 300 }, "geometry": { "type": "Point", "coordinates": [ 1097295.0, -4020855.0 ] } },
{ "type": "Feature", "properties": { "time": "2023-09-22T03:00:13.861", "spatial_ref": 3577, "class": 300 }, "geometry": { "type": "Point", "coordinates": [ 1107435.0, -4022265.0 ] } },
{ "type": "Feature", "properties": { "time": "2023-09-22T03:00:13.861", "spatial_ref": 3577, "class": 300 }, "geometry": { "type": "Point", "coordinates": [ 1122615.0, -3942915.0 ] } },
{ "type": "Feature", "properties": { "time": "2023-09-22T03:00:13.861", "spatial_ref": 3577, "class": 300 }, "geometry": { "type": "Point", "coordinates": [ 1127535.0, -3943905.0 ] } },
{ "type": "Feature", "properties": { "time": "2023-09-22T03:00:13.861", "spatial_ref": 3577, "class": 300 }, "geometry": { "type": "Point", "coordinates": [ 1075935.0, -4013745.0 ] } },
{ "type": "Feature", "properties": { "time": "2023-09-22T03:00:13.861", "spatial_ref": 3577, "class": 300 }, "geometry": { "type": "Point", "coordinates": [ 1094745.0, -4003365.0 ] } },
{ "type": "Feature", "properties": { "time": "2023-09-22T03:00:13.861", "spatial_ref": 3577, "class": 300 }, "geometry": { "type": "Point", "coordinates": [ 1099005.0, -3991605.0 ] } },
{ "type": "Feature", "properties": { "time": "2023-09-22T03:00:13.861", "spatial_ref": 3577, "class": 300 }, "geometry": { "type": "Point", "coordinates": [ 1089165.0, -3958575.0 ] } },
{ "type": "Feature", "properties": { "time": "2023-09-22T03:00:13.861", "spatial_ref": 3577, "class": 300 }, "geometry": { "type": "Point", "coordinates": [ 1107885.0, -4019685.0 ] } },
{ "type": "Feature", "properties": { "time": "2023-09-22T03:00:13.861", "spatial_ref": 3577, "class": 100 }, "geometry": { "type": "Point", "coordinates": [ 1097535.0, -3948855.0 ] } },
{ "type": "Feature", "properties": { "time": "2023-09-22T03:00:13.861", "spatial_ref": 3577, "class": 100 }, "geometry": { "type": "Point", "coordinates": [ 1098075.0, -4000575.0 ] } },
{ "type": "Feature", "properties": { "time": "2023-09-22T03:00:13.861", "spatial_ref": 3577, "class": 100 }, "geometry": { "type": "Point", "coordinates": [ 1073205.0, -3939645.0 ] } },
{ "type": "Feature", "properties": { "time": "2023-09-22T03:00:13.861", "spatial_ref": 3577, "class": 100 }, "geometry": { "type": "Point", "coordinates": [ 1099935.0, -3952185.0 ] } },
{ "type": "Feature", "properties": { "time": "2023-09-22T03:00:13.861", "spatial_ref": 3577, "class": 100 }, "geometry": { "type": "Point", "coordinates": [ 1059735.0, -3944235.0 ] } },
{ "type": "Feature", "properties": { "time": "2023-09-22T03:00:13.861", "spatial_ref": 3577, "class": 100 }, "geometry": { "type": "Point", "coordinates": [ 1076115.0, -3936675.0 ] } },
{ "type": "Feature", "properties": { "time": "2023-09-22T03:00:13.861", "spatial_ref": 3577, "class": 100 }, "geometry": { "type": "Point", "coordinates": [ 1111635.0, -3964245.0 ] } },
{ "type": "Feature", "properties": { "time": "2023-09-22T03:00:13.861", "spatial_ref": 3577, "class": 100 }, "geometry": { "type": "Point", "coordinates": [ 1098975.0, -3965295.0 ] } },
{ "type": "Feature", "properties": { "time": "2023-09-22T03:00:13.861", "spatial_ref": 3577, "class": 100 }, "geometry": { "type": "Point", "coordinates": [ 1070655.0, -3941205.0 ] } },
{ "type": "Feature", "properties": { "time": "2023-09-22T03:00:13.861", "spatial_ref": 3577, "class": 100 }, "geometry": { "type": "Point", "coordinates": [ 1070505.0, -3961425.0 ] } },
{ "type": "Feature", "properties": { "time": "2023-09-22T03:00:13.861", "spatial_ref": 3577, "class": 100 }, "geometry": { "type": "Point", "coordinates": [ 1095255.0, -4001055.0 ] } },
{ "type": "Feature", "properties": { "time": "2023-09-22T03:00:13.861", "spatial_ref": 3577, "class": 100 }, "geometry": { "type": "Point", "coordinates": [ 1100715.0, -3957375.0 ] } },
{ "type": "Feature", "properties": { "time": "2023-09-22T03:00:13.861", "spatial_ref": 3577, "class": 100 }, "geometry": { "type": "Point", "coordinates": [ 1060125.0, -3939375.0 ] } },
{ "type": "Feature", "properties": { "time": "2023-09-22T03:00:13.861", "spatial_ref": 3577, "class": 100 }, "geometry": { "type": "Point", "coordinates": [ 1064835.0, -3975255.0 ] } },
{ "type": "Feature", "properties": { "time": "2023-09-22T03:00:13.861", "spatial_ref": 3577, "class": 100 }, "geometry": { "type": "Point", "coordinates": [ 1139835.0, -3965745.0 ] } },
{ "type": "Feature", "properties": { "time": "2023-09-22T03:00:13.861", "spatial_ref": 3577, "class": 100 }, "geometry": { "type": "Point", "coordinates": [ 1121805.0, -3982605.0 ] } },
{ "type": "Feature", "properties": { "time": "2023-09-22T03:00:13.861", "spatial_ref": 3577, "class": 100 }, "geometry": { "type": "Point", "coordinates": [ 1106775.0, -3980025.0 ] } },
{ "type": "Feature", "properties": { "time": "2023-09-22T03:00:13.861", "spatial_ref": 3577, "class": 100 }, "geometry": { "type": "Point", "coordinates": [ 1099275.0, -3984225.0 ] } },
{ "type": "Feature", "properties": { "time": "2023-09-22T03:00:13.861", "spatial_ref": 3577, "class": 100 }, "geometry": { "type": "Point", "coordinates": [ 1061055.0, -3939165.0 ] } },
{ "type": "Feature", "properties": { "time": "2023-09-22T03:00:13.861", "spatial_ref": 3577, "class": 100 }, "geometry": { "type": "Point", "coordinates": [ 1105725.0, -3978705.0 ] } },
{ "type": "Feature", "properties": { "time": "2023-09-22T03:00:13.861", "spatial_ref": 3577, "class": 100 }, "geometry": { "type": "Point", "coordinates": [ 1115955.0, -3965415.0 ] } },
{ "type": "Feature", "properties": { "time": "2023-09-22T03:00:13.861", "spatial_ref": 3577, "class": 100 }, "geometry": { "type": "Point", "coordinates": [ 1111155.0, -3946425.0 ] } },
{ "type": "Feature", "properties": { "time": "2023-09-22T03:00:13.861", "spatial_ref": 3577, "class": 100 }, "geometry": { "type": "Point", "coordinates": [ 1104405.0, -3997515.0 ] } },
{ "type": "Feature", "properties": { "time": "2023-09-22T03:00:13.861", "spatial_ref": 3577, "class": 100 }, "geometry": { "type": "Point", "coordinates": [ 1097805.0, -3952965.0 ] } },
{ "type": "Feature", "properties": { "time": "2023-09-22T03:00:13.861", "spatial_ref": 3577, "class": 100 }, "geometry": { "type": "Point", "coordinates": [ 1097025.0, -3948615.0 ] } },
{ "type": "Feature", "properties": { "time": "2023-09-22T03:00:13.861", "spatial_ref": 3577, "class": 100 }, "geometry": { "type": "Point", "coordinates": [ 1117875.0, -3973455.0 ] } },
{ "type": "Feature", "properties": { "time": "2023-09-22T03:00:13.861", "spatial_ref": 3577, "class": 100 }, "geometry": { "type": "Point", "coordinates": [ 1112745.0, -3967035.0 ] } },
{ "type": "Feature", "properties": { "time": "2023-09-22T03:00:13.861", "spatial_ref": 3577, "class": 100 }, "geometry": { "type": "Point", "coordinates": [ 1094055.0, -3995685.0 ] } },
{ "type": "Feature", "properties": { "time": "2023-09-22T03:00:13.861", "spatial_ref": 3577, "class": 100 }, "geometry": { "type": "Point", "coordinates": [ 1104165.0, -3998355.0 ] } },
{ "type": "Feature", "properties": { "time": "2023-09-22T03:00:13.861", "spatial_ref": 3577, "class": 100 }, "geometry": { "type": "Point", "coordinates": [ 1078245.0, -3965505.0 ] } },
{ "type": "Feature", "properties": { "time": "2023-09-22T03:00:13.861", "spatial_ref": 3577, "class": 100 }, "geometry": { "type": "Point", "coordinates": [ 1106235.0, -3979815.0 ] } },
{ "type": "Feature", "properties": { "time": "2023-09-22T03:00:13.861", "spatial_ref": 3577, "class": 100 }, "geometry": { "type": "Point", "coordinates": [ 1099125.0, -3998325.0 ] } },
{ "type": "Feature", "properties": { "time": "2023-09-22T03:00:13.861", "spatial_ref": 3577, "class": 100 }, "geometry": { "type": "Point", "coordinates": [ 1068765.0, -3976725.0 ] } },
{ "type": "Feature", "properties": { "time": "2023-09-22T03:00:13.861", "spatial_ref": 3577, "class": 100 }, "geometry": { "type": "Point", "coordinates": [ 1113105.0, -3979275.0 ] } },
{ "type": "Feature", "properties": { "time": "2023-09-22T03:00:13.861", "spatial_ref": 3577, "class": 100 }, "geometry": { "type": "Point", "coordinates": [ 1112865.0, -3964545.0 ] } },
{ "type": "Feature", "properties": { "time": "2023-09-22T03:00:13.861", "spatial_ref": 3577, "class": 100 }, "geometry": { "type": "Point", "coordinates": [ 1056495.0, -3940335.0 ] } },
{ "type": "Feature", "properties": { "time": "2023-09-22T03:00:13.861", "spatial_ref": 3577, "class": 100 }, "geometry": { "type": "Point", "coordinates": [ 1130265.0, -3996645.0 ] } },
{ "type": "Feature", "properties": { "time": "2023-09-22T03:00:13.861", "spatial_ref": 3577, "class": 100 }, "geometry": { "type": "Point", "coordinates": [ 1105635.0, -3962775.0 ] } },
{ "type": "Feature", "properties": { "time": "2023-09-22T03:00:13.861", "spatial_ref": 3577, "class": 100 }, "geometry": { "type": "Point", "coordinates": [ 1105515.0, -3979905.0 ] } },
{ "type": "Feature", "properties": { "time": "2023-09-22T03:00:13.861", "spatial_ref": 3577, "class": 100 }, "geometry": { "type": "Point", "coordinates": [ 1109085.0, -3957795.0 ] } },
{ "type": "Feature", "properties": { "time": "2023-09-22T03:00:13.861", "spatial_ref": 3577, "class": 100 }, "geometry": { "type": "Point", "coordinates": [ 1110345.0, -3978495.0 ] } },
{ "type": "Feature", "properties": { "time": "2023-09-22T03:00:13.861", "spatial_ref": 3577, "class": 100 }, "geometry": { "type": "Point", "coordinates": [ 1127445.0, -3983445.0 ] } },
{ "type": "Feature", "properties": { "time": "2023-09-22T03:00:13.861", "spatial_ref": 3577, "class": 100 }, "geometry": { "type": "Point", "coordinates": [ 1124925.0, -4007265.0 ] } },
{ "type": "Feature", "properties": { "time": "2023-09-22T03:00:13.861", "spatial_ref": 3577, "class": 100 }, "geometry": { "type": "Point", "coordinates": [ 1104855.0, -3958575.0 ] } },
{ "type": "Feature", "properties": { "time": "2023-09-22T03:00:13.861", "spatial_ref": 3577, "class": 100 }, "geometry": { "type": "Point", "coordinates": [ 1109775.0, -3960555.0 ] } },
{ "type": "Feature", "properties": { "time": "2023-09-22T03:00:13.861", "spatial_ref": 3577, "class": 100 }, "geometry": { "type": "Point", "coordinates": [ 1062375.0, -3974175.0 ] } },
{ "type": "Feature", "properties": { "time": "2023-09-22T03:00:13.861", "spatial_ref": 3577, "class": 100 }, "geometry": { "type": "Point", "coordinates": [ 1105365.0, -3958635.0 ] } },
{ "type": "Feature", "properties": { "time": "2023-09-22T03:00:13.861", "spatial_ref": 3577, "class": 100 }, "geometry": { "type": "Point", "coordinates": [ 1076115.0, -3945855.0 ] } },
{ "type": "Feature", "properties": { "time": "2023-09-22T03:00:13.861", "spatial_ref": 3577, "class": 100 }, "geometry": { "type": "Point", "coordinates": [ 1106595.0, -3961485.0 ] } },
{ "type": "Feature", "properties": { "time": "2023-09-22T03:00:13.861", "spatial_ref": 3577, "class": 100 }, "geometry": { "type": "Point", "coordinates": [ 1091565.0, -3939105.0 ] } },
{ "type": "Feature", "properties": { "time": "2023-09-22T03:00:13.861", "spatial_ref": 3577, "class": 100 }, "geometry": { "type": "Point", "coordinates": [ 1121025.0, -3980655.0 ] } },
{ "type": "Feature", "properties": { "time": "2023-09-22T03:00:13.861", "spatial_ref": 3577, "class": 100 }, "geometry": { "type": "Point", "coordinates": [ 1062495.0, -3980565.0 ] } },
{ "type": "Feature", "properties": { "time": "2023-09-22T03:00:13.861", "spatial_ref": 3577, "class": 100 }, "geometry": { "type": "Point", "coordinates": [ 1100025.0, -3999555.0 ] } },
{ "type": "Feature", "properties": { "time": "2023-09-22T03:00:13.861", "spatial_ref": 3577, "class": 100 }, "geometry": { "type": "Point", "coordinates": [ 1137975.0, -3981435.0 ] } },
{ "type": "Feature", "properties": { "time": "2023-09-22T03:00:13.861", "spatial_ref": 3577, "class": 100 }, "geometry": { "type": "Point", "coordinates": [ 1115085.0, -3969285.0 ] } },
{ "type": "Feature", "properties": { "time": "2023-09-22T03:00:13.861", "spatial_ref": 3577, "class": 100 }, "geometry": { "type": "Point", "coordinates": [ 1109505.0, -3965385.0 ] } },
{ "type": "Feature", "properties": { "time": "2023-09-22T03:00:13.861", "spatial_ref": 3577, "class": 100 }, "geometry": { "type": "Point", "coordinates": [ 1109295.0, -3959955.0 ] } },
{ "type": "Feature", "properties": { "time": "2023-09-22T03:00:13.861", "spatial_ref": 3577, "class": 100 }, "geometry": { "type": "Point", "coordinates": [ 1124775.0, -4003875.0 ] } },
{ "type": "Feature", "properties": { "time": "2023-09-22T03:00:13.861", "spatial_ref": 3577, "class": 100 }, "geometry": { "type": "Point", "coordinates": [ 1120605.0, -3981045.0 ] } },
{ "type": "Feature", "properties": { "time": "2023-09-22T03:00:13.861", "spatial_ref": 3577, "class": 100 }, "geometry": { "type": "Point", "coordinates": [ 1069875.0, -3941295.0 ] } },
{ "type": "Feature", "properties": { "time": "2023-09-22T03:00:13.861", "spatial_ref": 3577, "class": 100 }, "geometry": { "type": "Point", "coordinates": [ 1070385.0, -3953715.0 ] } },
{ "type": "Feature", "properties": { "time": "2023-09-22T03:00:13.861", "spatial_ref": 3577, "class": 100 }, "geometry": { "type": "Point", "coordinates": [ 1150515.0, -3999195.0 ] } },
{ "type": "Feature", "properties": { "time": "2023-09-22T03:00:13.861", "spatial_ref": 3577, "class": 100 }, "geometry": { "type": "Point", "coordinates": [ 1119375.0, -3997305.0 ] } },
{ "type": "Feature", "properties": { "time": "2023-09-22T03:00:13.861", "spatial_ref": 3577, "class": 100 }, "geometry": { "type": "Point", "coordinates": [ 1104135.0, -3960615.0 ] } },
{ "type": "Feature", "properties": { "time": "2023-09-22T03:00:13.861", "spatial_ref": 3577, "class": 200 }, "geometry": { "type": "Point", "coordinates": [ 1108995.0, -3953925.0 ] } },
{ "type": "Feature", "properties": { "time": "2023-09-22T03:00:13.861", "spatial_ref": 3577, "class": 200 }, "geometry": { "type": "Point", "coordinates": [ 1116765.0, -3956385.0 ] } },
{ "type": "Feature", "properties": { "time": "2023-09-22T03:00:13.861", "spatial_ref": 3577, "class": 200 }, "geometry": { "type": "Point", "coordinates": [ 1120935.0, -3951795.0 ] } },
{ "type": "Feature", "properties": { "time": "2023-09-22T03:00:13.861", "spatial_ref": 3577, "class": 200 }, "geometry": { "type": "Point", "coordinates": [ 1120155.0, -3950685.0 ] } },
{ "type": "Feature", "properties": { "time": "2023-09-22T03:00:13.861", "spatial_ref": 3577, "class": 200 }, "geometry": { "type": "Point", "coordinates": [ 1112265.0, -3944595.0 ] } },
{ "type": "Feature", "properties": { "time": "2023-09-22T03:00:13.861", "spatial_ref": 3577, "class": 200 }, "geometry": { "type": "Point", "coordinates": [ 1131495.0, -3956805.0 ] } },
{ "type": "Feature", "properties": { "time": "2023-09-22T03:00:13.861", "spatial_ref": 3577, "class": 200 }, "geometry": { "type": "Point", "coordinates": [ 1120695.0, -3959715.0 ] } },
{ "type": "Feature", "properties": { "time": "2023-09-22T03:00:13.861", "spatial_ref": 3577, "class": 200 }, "geometry": { "type": "Point", "coordinates": [ 1121835.0, -3937155.0 ] } },
{ "type": "Feature", "properties": { "time": "2023-09-22T03:00:13.861", "spatial_ref": 3577, "class": 200 }, "geometry": { "type": "Point", "coordinates": [ 1115835.0, -3953955.0 ] } },
{ "type": "Feature", "properties": { "time": "2023-09-22T03:00:13.861", "spatial_ref": 3577, "class": 200 }, "geometry": { "type": "Point", "coordinates": [ 1127745.0, -3969525.0 ] } },
{ "type": "Feature", "properties": { "time": "2023-09-22T03:00:13.861", "spatial_ref": 3577, "class": 200 }, "geometry": { "type": "Point", "coordinates": [ 1099965.0, -3944145.0 ] } },
{ "type": "Feature", "properties": { "time": "2023-09-22T03:00:13.861", "spatial_ref": 3577, "class": 200 }, "geometry": { "type": "Point", "coordinates": [ 1107825.0, -3958065.0 ] } },
{ "type": "Feature", "properties": { "time": "2023-09-22T03:00:13.861", "spatial_ref": 3577, "class": 200 }, "geometry": { "type": "Point", "coordinates": [ 1117245.0, -3955845.0 ] } },
{ "type": "Feature", "properties": { "time": "2023-09-22T03:00:13.861", "spatial_ref": 3577, "class": 200 }, "geometry": { "type": "Point", "coordinates": [ 1143975.0, -4002075.0 ] } },
{ "type": "Feature", "properties": { "time": "2023-09-22T03:00:13.861", "spatial_ref": 3577, "class": 200 }, "geometry": { "type": "Point", "coordinates": [ 1111875.0, -3958095.0 ] } },
{ "type": "Feature", "properties": { "time": "2023-09-22T03:00:13.861", "spatial_ref": 3577, "class": 200 }, "geometry": { "type": "Point", "coordinates": [ 1116285.0, -3966105.0 ] } },
{ "type": "Feature", "properties": { "time": "2023-09-22T03:00:13.861", "spatial_ref": 3577, "class": 200 }, "geometry": { "type": "Point", "coordinates": [ 1117215.0, -3969375.0 ] } },
{ "type": "Feature", "properties": { "time": "2023-09-22T03:00:13.861", "spatial_ref": 3577, "class": 200 }, "geometry": { "type": "Point", "coordinates": [ 1117905.0, -3962115.0 ] } },
{ "type": "Feature", "properties": { "time": "2023-09-22T03:00:13.861", "spatial_ref": 3577, "class": 200 }, "geometry": { "type": "Point", "coordinates": [ 1122525.0, -3937455.0 ] } },
{ "type": "Feature", "properties": { "time": "2023-09-22T03:00:13.861", "spatial_ref": 3577, "class": 200 }, "geometry": { "type": "Point", "coordinates": [ 1122525.0, -3965295.0 ] } },
{ "type": "Feature", "properties": { "time": "2023-09-22T03:00:13.861", "spatial_ref": 3577, "class": 200 }, "geometry": { "type": "Point", "coordinates": [ 1101315.0, -3943245.0 ] } },
{ "type": "Feature", "properties": { "time": "2023-09-22T03:00:13.861", "spatial_ref": 3577, "class": 200 }, "geometry": { "type": "Point", "coordinates": [ 1125675.0, -3984705.0 ] } },
{ "type": "Feature", "properties": { "time": "2023-09-22T03:00:13.861", "spatial_ref": 3577, "class": 200 }, "geometry": { "type": "Point", "coordinates": [ 1116645.0, -3960975.0 ] } },
{ "type": "Feature", "properties": { "time": "2023-09-22T03:00:13.861", "spatial_ref": 3577, "class": 200 }, "geometry": { "type": "Point", "coordinates": [ 1122255.0, -3979185.0 ] } },
{ "type": "Feature", "properties": { "time": "2023-09-22T03:00:13.861", "spatial_ref": 3577, "class": 200 }, "geometry": { "type": "Point", "coordinates": [ 1106385.0, -3940845.0 ] } },
{ "type": "Feature", "properties": { "time": "2023-09-22T03:00:13.861", "spatial_ref": 3577, "class": 200 }, "geometry": { "type": "Point", "coordinates": [ 1121625.0, -3977205.0 ] } },
{ "type": "Feature", "properties": { "time": "2023-09-22T03:00:13.861", "spatial_ref": 3577, "class": 200 }, "geometry": { "type": "Point", "coordinates": [ 1131555.0, -3981975.0 ] } },
{ "type": "Feature", "properties": { "time": "2023-09-22T03:00:13.861", "spatial_ref": 3577, "class": 200 }, "geometry": { "type": "Point", "coordinates": [ 1121295.0, -3937995.0 ] } },
{ "type": "Feature", "properties": { "time": "2023-09-22T03:00:13.861", "spatial_ref": 3577, "class": 200 }, "geometry": { "type": "Point", "coordinates": [ 1120695.0, -3943185.0 ] } },
{ "type": "Feature", "properties": { "time": "2023-09-22T03:00:13.861", "spatial_ref": 3577, "class": 200 }, "geometry": { "type": "Point", "coordinates": [ 1107495.0, -3953775.0 ] } },
{ "type": "Feature", "properties": { "time": "2023-09-22T03:00:13.861", "spatial_ref": 3577, "class": 200 }, "geometry": { "type": "Point", "coordinates": [ 1107075.0, -3948405.0 ] } },
{ "type": "Feature", "properties": { "time": "2023-09-22T03:00:13.861", "spatial_ref": 3577, "class": 200 }, "geometry": { "type": "Point", "coordinates": [ 1101255.0, -3941955.0 ] } },
{ "type": "Feature", "properties": { "time": "2023-09-22T03:00:13.861", "spatial_ref": 3577, "class": 200 }, "geometry": { "type": "Point", "coordinates": [ 1149315.0, -3982515.0 ] } },
{ "type": "Feature", "properties": { "time": "2023-09-22T03:00:13.861", "spatial_ref": 3577, "class": 200 }, "geometry": { "type": "Point", "coordinates": [ 1103925.0, -3938865.0 ] } },
{ "type": "Feature", "properties": { "time": "2023-09-22T03:00:13.861", "spatial_ref": 3577, "class": 200 }, "geometry": { "type": "Point", "coordinates": [ 1099125.0, -3937215.0 ] } },
{ "type": "Feature", "properties": { "time": "2023-09-22T03:00:13.861", "spatial_ref": 3577, "class": 200 }, "geometry": { "type": "Point", "coordinates": [ 1118565.0, -3964875.0 ] } },
{ "type": "Feature", "properties": { "time": "2023-09-22T03:00:13.861", "spatial_ref": 3577, "class": 200 }, "geometry": { "type": "Point", "coordinates": [ 1106685.0, -3958275.0 ] } },
{ "type": "Feature", "properties": { "time": "2023-09-22T03:00:13.861", "spatial_ref": 3577, "class": 200 }, "geometry": { "type": "Point", "coordinates": [ 1148985.0, -3994845.0 ] } },
{ "type": "Feature", "properties": { "time": "2023-09-22T03:00:13.861", "spatial_ref": 3577, "class": 200 }, "geometry": { "type": "Point", "coordinates": [ 1104645.0, -3946815.0 ] } },
{ "type": "Feature", "properties": { "time": "2023-09-22T03:00:13.861", "spatial_ref": 3577, "class": 200 }, "geometry": { "type": "Point", "coordinates": [ 1118955.0, -3965685.0 ] } },
{ "type": "Feature", "properties": { "time": "2023-09-22T03:00:13.861", "spatial_ref": 3577, "class": 200 }, "geometry": { "type": "Point", "coordinates": [ 1100685.0, -3948285.0 ] } },
{ "type": "Feature", "properties": { "time": "2023-09-22T03:00:13.861", "spatial_ref": 3577, "class": 200 }, "geometry": { "type": "Point", "coordinates": [ 1138515.0, -3942945.0 ] } },
{ "type": "Feature", "properties": { "time": "2023-09-22T03:00:13.861", "spatial_ref": 3577, "class": 200 }, "geometry": { "type": "Point", "coordinates": [ 1103865.0, -3940305.0 ] } },
{ "type": "Feature", "properties": { "time": "2023-09-22T03:00:13.861", "spatial_ref": 3577, "class": 200 }, "geometry": { "type": "Point", "coordinates": [ 1122525.0, -3957855.0 ] } },
{ "type": "Feature", "properties": { "time": "2023-09-22T03:00:13.861", "spatial_ref": 3577, "class": 200 }, "geometry": { "type": "Point", "coordinates": [ 1103685.0, -3947085.0 ] } },
{ "type": "Feature", "properties": { "time": "2023-09-22T03:00:13.861", "spatial_ref": 3577, "class": 200 }, "geometry": { "type": "Point", "coordinates": [ 1121835.0, -3965745.0 ] } },
{ "type": "Feature", "properties": { "time": "2023-09-22T03:00:13.861", "spatial_ref": 3577, "class": 200 }, "geometry": { "type": "Point", "coordinates": [ 1107045.0, -3942285.0 ] } },
{ "type": "Feature", "properties": { "time": "2023-09-22T03:00:13.861", "spatial_ref": 3577, "class": 200 }, "geometry": { "type": "Point", "coordinates": [ 1107045.0, -3945765.0 ] } },
{ "type": "Feature", "properties": { "time": "2023-09-22T03:00:13.861", "spatial_ref": 3577, "class": 200 }, "geometry": { "type": "Point", "coordinates": [ 1120125.0, -3967155.0 ] } },
{ "type": "Feature", "properties": { "time": "2023-09-22T03:00:13.861", "spatial_ref": 3577, "class": 200 }, "geometry": { "type": "Point", "coordinates": [ 1136115.0, -3942105.0 ] } },
{ "type": "Feature", "properties": { "time": "2023-09-22T03:00:13.861", "spatial_ref": 3577, "class": 200 }, "geometry": { "type": "Point", "coordinates": [ 1100715.0, -3938625.0 ] } },
{ "type": "Feature", "properties": { "time": "2023-09-22T03:00:13.861", "spatial_ref": 3577, "class": 200 }, "geometry": { "type": "Point", "coordinates": [ 1101135.0, -3940785.0 ] } },
{ "type": "Feature", "properties": { "time": "2023-09-22T03:00:13.861", "spatial_ref": 3577, "class": 200 }, "geometry": { "type": "Point", "coordinates": [ 1111575.0, -3950205.0 ] } },
{ "type": "Feature", "properties": { "time": "2023-09-22T03:00:13.861", "spatial_ref": 3577, "class": 200 }, "geometry": { "type": "Point", "coordinates": [ 1122135.0, -3976305.0 ] } },
{ "type": "Feature", "properties": { "time": "2023-09-22T03:00:13.861", "spatial_ref": 3577, "class": 200 }, "geometry": { "type": "Point", "coordinates": [ 1120965.0, -3952905.0 ] } },
{ "type": "Feature", "properties": { "time": "2023-09-22T03:00:13.861", "spatial_ref": 3577, "class": 200 }, "geometry": { "type": "Point", "coordinates": [ 1107885.0, -3945315.0 ] } },
{ "type": "Feature", "properties": { "time": "2023-09-22T03:00:13.861", "spatial_ref": 3577, "class": 200 }, "geometry": { "type": "Point", "coordinates": [ 1107195.0, -3952515.0 ] } },
{ "type": "Feature", "properties": { "time": "2023-09-22T03:00:13.861", "spatial_ref": 3577, "class": 200 }, "geometry": { "type": "Point", "coordinates": [ 1111875.0, -3955635.0 ] } },
{ "type": "Feature", "properties": { "time": "2023-09-22T03:00:13.861", "spatial_ref": 3577, "class": 200 }, "geometry": { "type": "Point", "coordinates": [ 1124865.0, -3979095.0 ] } },
{ "type": "Feature", "properties": { "time": "2023-09-22T03:00:13.861", "spatial_ref": 3577, "class": 200 }, "geometry": { "type": "Point", "coordinates": [ 1144365.0, -3983235.0 ] } },
{ "type": "Feature", "properties": { "time": "2023-09-22T03:00:13.861", "spatial_ref": 3577, "class": 200 }, "geometry": { "type": "Point", "coordinates": [ 1104705.0, -3941805.0 ] } },
{ "type": "Feature", "properties": { "time": "2023-09-22T03:00:13.861", "spatial_ref": 3577, "class": 200 }, "geometry": { "type": "Point", "coordinates": [ 1119405.0, -3937875.0 ] } },
{ "type": "Feature", "properties": { "time": "2023-09-22T03:00:13.861", "spatial_ref": 3577, "class": 200 }, "geometry": { "type": "Point", "coordinates": [ 1142115.0, -3999555.0 ] } },
{ "type": "Feature", "properties": { "time": "2023-09-22T03:00:13.861", "spatial_ref": 3577, "class": 200 }, "geometry": { "type": "Point", "coordinates": [ 1115235.0, -3960435.0 ] } },
{ "type": "Feature", "properties": { "time": "2023-09-22T03:00:13.861", "spatial_ref": 3577, "class": 500 }, "geometry": { "type": "Point", "coordinates": [ 1091685.0, -3964335.0 ] } },
{ "type": "Feature", "properties": { "time": "2023-09-22T03:00:13.861", "spatial_ref": 3577, "class": 500 }, "geometry": { "type": "Point", "coordinates": [ 1149855.0, -3990285.0 ] } },
{ "type": "Feature", "properties": { "time": "2023-09-22T03:00:13.861", "spatial_ref": 3577, "class": 500 }, "geometry": { "type": "Point", "coordinates": [ 1089675.0, -4011435.0 ] } },
{ "type": "Feature", "properties": { "time": "2023-09-22T03:00:13.861", "spatial_ref": 3577, "class": 500 }, "geometry": { "type": "Point", "coordinates": [ 1114695.0, -4010145.0 ] } },
{ "type": "Feature", "properties": { "time": "2023-09-22T03:00:13.861", "spatial_ref": 3577, "class": 500 }, "geometry": { "type": "Point", "coordinates": [ 1130715.0, -4027095.0 ] } },
{ "type": "Feature", "properties": { "time": "2023-09-22T03:00:13.861", "spatial_ref": 3577, "class": 500 }, "geometry": { "type": "Point", "coordinates": [ 1144545.0, -4002915.0 ] } },
{ "type": "Feature", "properties": { "time": "2023-09-22T03:00:13.861", "spatial_ref": 3577, "class": 500 }, "geometry": { "type": "Point", "coordinates": [ 1148385.0, -4005375.0 ] } },
{ "type": "Feature", "properties": { "time": "2023-09-22T03:00:13.861", "spatial_ref": 3577, "class": 500 }, "geometry": { "type": "Point", "coordinates": [ 1120995.0, -3948915.0 ] } },
{ "type": "Feature", "properties": { "time": "2023-09-22T03:00:13.861", "spatial_ref": 3577, "class": 500 }, "geometry": { "type": "Point", "coordinates": [ 1088865.0, -4028025.0 ] } },
{ "type": "Feature", "properties": { "time": "2023-09-22T03:00:13.861", "spatial_ref": 3577, "class": 500 }, "geometry": { "type": "Point", "coordinates": [ 1149765.0, -4005495.0 ] } },
{ "type": "Feature", "properties": { "time": "2023-09-22T03:00:13.861", "spatial_ref": 3577, "class": 500 }, "geometry": { "type": "Point", "coordinates": [ 1069185.0, -3946635.0 ] } },
{ "type": "Feature", "properties": { "time": "2023-09-22T03:00:13.861", "spatial_ref": 3577, "class": 500 }, "geometry": { "type": "Point", "coordinates": [ 1148235.0, -4002345.0 ] } },
{ "type": "Feature", "properties": { "time": "2023-09-22T03:00:13.861", "spatial_ref": 3577, "class": 500 }, "geometry": { "type": "Point", "coordinates": [ 1095885.0, -3943425.0 ] } },
{ "type": "Feature", "properties": { "time": "2023-09-22T03:00:13.861", "spatial_ref": 3577, "class": 500 }, "geometry": { "type": "Point", "coordinates": [ 1083945.0, -3963015.0 ] } },
{ "type": "Feature", "properties": { "time": "2023-09-22T03:00:13.861", "spatial_ref": 3577, "class": 500 }, "geometry": { "type": "Point", "coordinates": [ 1085235.0, -4027395.0 ] } },
{ "type": "Feature", "properties": { "time": "2023-09-22T03:00:13.861", "spatial_ref": 3577, "class": 500 }, "geometry": { "type": "Point", "coordinates": [ 1141485.0, -4028385.0 ] } },
{ "type": "Feature", "properties": { "time": "2023-09-22T03:00:13.861", "spatial_ref": 3577, "class": 500 }, "geometry": { "type": "Point", "coordinates": [ 1087215.0, -3996075.0 ] } },
{ "type": "Feature", "properties": { "time": "2023-09-22T03:00:13.861", "spatial_ref": 3577, "class": 500 }, "geometry": { "type": "Point", "coordinates": [ 1102785.0, -3965715.0 ] } },
{ "type": "Feature", "properties": { "time": "2023-09-22T03:00:13.861", "spatial_ref": 3577, "class": 500 }, "geometry": { "type": "Point", "coordinates": [ 1130835.0, -4014015.0 ] } },
{ "type": "Feature", "properties": { "time": "2023-09-22T03:00:13.861", "spatial_ref": 3577, "class": 500 }, "geometry": { "type": "Point", "coordinates": [ 1087755.0, -4009785.0 ] } },
{ "type": "Feature", "properties": { "time": "2023-09-22T03:00:13.861", "spatial_ref": 3577, "class": 500 }, "geometry": { "type": "Point", "coordinates": [ 1132755.0, -4017435.0 ] } },
{ "type": "Feature", "properties": { "time": "2023-09-22T03:00:13.861", "spatial_ref": 3577, "class": 500 }, "geometry": { "type": "Point", "coordinates": [ 1123275.0, -3954315.0 ] } },
{ "type": "Feature", "properties": { "time": "2023-09-22T03:00:13.861", "spatial_ref": 3577, "class": 500 }, "geometry": { "type": "Point", "coordinates": [ 1151175.0, -3950775.0 ] } },
{ "type": "Feature", "properties": { "time": "2023-09-22T03:00:13.861", "spatial_ref": 3577, "class": 500 }, "geometry": { "type": "Point", "coordinates": [ 1148325.0, -3938595.0 ] } },
{ "type": "Feature", "properties": { "time": "2023-09-22T03:00:13.861", "spatial_ref": 3577, "class": 500 }, "geometry": { "type": "Point", "coordinates": [ 1142625.0, -4008615.0 ] } },
{ "type": "Feature", "properties": { "time": "2023-09-22T03:00:13.861", "spatial_ref": 3577, "class": 500 }, "geometry": { "type": "Point", "coordinates": [ 1108935.0, -3987915.0 ] } },
{ "type": "Feature", "properties": { "time": "2023-09-22T03:00:13.861", "spatial_ref": 3577, "class": 500 }, "geometry": { "type": "Point", "coordinates": [ 1133595.0, -4015815.0 ] } },
{ "type": "Feature", "properties": { "time": "2023-09-22T03:00:13.861", "spatial_ref": 3577, "class": 500 }, "geometry": { "type": "Point", "coordinates": [ 1095855.0, -3943065.0 ] } },
{ "type": "Feature", "properties": { "time": "2023-09-22T03:00:13.861", "spatial_ref": 3577, "class": 500 }, "geometry": { "type": "Point", "coordinates": [ 1080525.0, -3967995.0 ] } },
{ "type": "Feature", "properties": { "time": "2023-09-22T03:00:13.861", "spatial_ref": 3577, "class": 500 }, "geometry": { "type": "Point", "coordinates": [ 1147335.0, -4011195.0 ] } },
{ "type": "Feature", "properties": { "time": "2023-09-22T03:00:13.861", "spatial_ref": 3577, "class": 500 }, "geometry": { "type": "Point", "coordinates": [ 1139775.0, -4002525.0 ] } },
{ "type": "Feature", "properties": { "time": "2023-09-22T03:00:13.861", "spatial_ref": 3577, "class": 500 }, "geometry": { "type": "Point", "coordinates": [ 1077495.0, -3990585.0 ] } },
{ "type": "Feature", "properties": { "time": "2023-09-22T03:00:13.861", "spatial_ref": 3577, "class": 500 }, "geometry": { "type": "Point", "coordinates": [ 1065615.0, -4014135.0 ] } },
{ "type": "Feature", "properties": { "time": "2023-09-22T03:00:13.861", "spatial_ref": 3577, "class": 500 }, "geometry": { "type": "Point", "coordinates": [ 1078125.0, -4002885.0 ] } },
{ "type": "Feature", "properties": { "time": "2023-09-22T03:00:13.861", "spatial_ref": 3577, "class": 500 }, "geometry": { "type": "Point", "coordinates": [ 1147545.0, -4001265.0 ] } },
{ "type": "Feature", "properties": { "time": "2023-09-22T03:00:13.861", "spatial_ref": 3577, "class": 500 }, "geometry": { "type": "Point", "coordinates": [ 1089705.0, -4019295.0 ] } },
{ "type": "Feature", "properties": { "time": "2023-09-22T03:00:13.861", "spatial_ref": 3577, "class": 500 }, "geometry": { "type": "Point", "coordinates": [ 1091805.0, -4005915.0 ] } },
{ "type": "Feature", "properties": { "time": "2023-09-22T03:00:13.861", "spatial_ref": 3577, "class": 500 }, "geometry": { "type": "Point", "coordinates": [ 1146435.0, -4010385.0 ] } },
{ "type": "Feature", "properties": { "time": "2023-09-22T03:00:13.861", "spatial_ref": 3577, "class": 500 }, "geometry": { "type": "Point", "coordinates": [ 1077915.0, -3955245.0 ] } },
{ "type": "Feature", "properties": { "time": "2023-09-22T03:00:13.861", "spatial_ref": 3577, "class": 500 }, "geometry": { "type": "Point", "coordinates": [ 1064625.0, -3940185.0 ] } },
{ "type": "Feature", "properties": { "time": "2023-09-22T03:00:13.861", "spatial_ref": 3577, "class": 500 }, "geometry": { "type": "Point", "coordinates": [ 1145505.0, -4025835.0 ] } },
{ "type": "Feature", "properties": { "time": "2023-09-22T03:00:13.861", "spatial_ref": 3577, "class": 500 }, "geometry": { "type": "Point", "coordinates": [ 1080225.0, -4000635.0 ] } },
{ "type": "Feature", "properties": { "time": "2023-09-22T03:00:13.861", "spatial_ref": 3577, "class": 500 }, "geometry": { "type": "Point", "coordinates": [ 1135185.0, -3979395.0 ] } },
{ "type": "Feature", "properties": { "time": "2023-09-22T03:00:13.861", "spatial_ref": 3577, "class": 500 }, "geometry": { "type": "Point", "coordinates": [ 1105575.0, -3971535.0 ] } },
{ "type": "Feature", "properties": { "time": "2023-09-22T03:00:13.861", "spatial_ref": 3577, "class": 500 }, "geometry": { "type": "Point", "coordinates": [ 1133445.0, -4016085.0 ] } },
{ "type": "Feature", "properties": { "time": "2023-09-22T03:00:13.861", "spatial_ref": 3577, "class": 500 }, "geometry": { "type": "Point", "coordinates": [ 1063065.0, -3988575.0 ] } },
{ "type": "Feature", "properties": { "time": "2023-09-22T03:00:13.861", "spatial_ref": 3577, "class": 500 }, "geometry": { "type": "Point", "coordinates": [ 1109685.0, -4017345.0 ] } },
{ "type": "Feature", "properties": { "time": "2023-09-22T03:00:13.861", "spatial_ref": 3577, "class": 500 }, "geometry": { "type": "Point", "coordinates": [ 1108455.0, -3976365.0 ] } },
{ "type": "Feature", "properties": { "time": "2023-09-22T03:00:13.861", "spatial_ref": 3577, "class": 500 }, "geometry": { "type": "Point", "coordinates": [ 1118505.0, -3988155.0 ] } },
{ "type": "Feature", "properties": { "time": "2023-09-22T03:00:13.861", "spatial_ref": 3577, "class": 500 }, "geometry": { "type": "Point", "coordinates": [ 1091325.0, -3991305.0 ] } },
{ "type": "Feature", "properties": { "time": "2023-09-22T03:00:13.861", "spatial_ref": 3577, "class": 500 }, "geometry": { "type": "Point", "coordinates": [ 1150455.0, -4005825.0 ] } },
{ "type": "Feature", "properties": { "time": "2023-09-22T03:00:13.861", "spatial_ref": 3577, "class": 500 }, "geometry": { "type": "Point", "coordinates": [ 1108575.0, -4023435.0 ] } },
{ "type": "Feature", "properties": { "time": "2023-09-22T03:00:13.861", "spatial_ref": 3577, "class": 500 }, "geometry": { "type": "Point", "coordinates": [ 1077195.0, -3954825.0 ] } },
{ "type": "Feature", "properties": { "time": "2023-09-22T03:00:13.861", "spatial_ref": 3577, "class": 500 }, "geometry": { "type": "Point", "coordinates": [ 1077015.0, -3955335.0 ] } },
{ "type": "Feature", "properties": { "time": "2023-09-22T03:00:13.861", "spatial_ref": 3577, "class": 500 }, "geometry": { "type": "Point", "coordinates": [ 1112355.0, -3994305.0 ] } },
{ "type": "Feature", "properties": { "time": "2023-09-22T03:00:13.861", "spatial_ref": 3577, "class": 500 }, "geometry": { "type": "Point", "coordinates": [ 1136505.0, -3938175.0 ] } },
{ "type": "Feature", "properties": { "time": "2023-09-22T03:00:13.861", "spatial_ref": 3577, "class": 500 }, "geometry": { "type": "Point", "coordinates": [ 1088865.0, -4027665.0 ] } },
{ "type": "Feature", "properties": { "time": "2023-09-22T03:00:13.861", "spatial_ref": 3577, "class": 600 }, "geometry": { "type": "Point", "coordinates": [ 1145025.0, -4000125.0 ] } },
{ "type": "Feature", "properties": { "time": "2023-09-22T03:00:13.861", "spatial_ref": 3577, "class": 600 }, "geometry": { "type": "Point", "coordinates": [ 1079175.0, -3974535.0 ] } },
{ "type": "Feature", "properties": { "time": "2023-09-22T03:00:13.861", "spatial_ref": 3577, "class": 600 }, "geometry": { "type": "Point", "coordinates": [ 1096005.0, -3940155.0 ] } },
{ "type": "Feature", "properties": { "time": "2023-09-22T03:00:13.861", "spatial_ref": 3577, "class": 600 }, "geometry": { "type": "Point", "coordinates": [ 1062825.0, -3996075.0 ] } },
{ "type": "Feature", "properties": { "time": "2023-09-22T03:00:13.861", "spatial_ref": 3577, "class": 600 }, "geometry": { "type": "Point", "coordinates": [ 1076625.0, -3974025.0 ] } },
{ "type": "Feature", "properties": { "time": "2023-09-22T03:00:13.861", "spatial_ref": 3577, "class": 600 }, "geometry": { "type": "Point", "coordinates": [ 1122405.0, -4007505.0 ] } },
{ "type": "Feature", "properties": { "time": "2023-09-22T03:00:13.861", "spatial_ref": 3577, "class": 600 }, "geometry": { "type": "Point", "coordinates": [ 1114305.0, -3947535.0 ] } },
{ "type": "Feature", "properties": { "time": "2023-09-22T03:00:13.861", "spatial_ref": 3577, "class": 600 }, "geometry": { "type": "Point", "coordinates": [ 1117335.0, -3963105.0 ] } },
{ "type": "Feature", "properties": { "time": "2023-09-22T03:00:13.861", "spatial_ref": 3577, "class": 600 }, "geometry": { "type": "Point", "coordinates": [ 1114245.0, -3947925.0 ] } },
{ "type": "Feature", "properties": { "time": "2023-09-22T03:00:13.861", "spatial_ref": 3577, "class": 600 }, "geometry": { "type": "Point", "coordinates": [ 1109805.0, -3952155.0 ] } },
{ "type": "Feature", "properties": { "time": "2023-09-22T03:00:13.861", "spatial_ref": 3577, "class": 600 }, "geometry": { "type": "Point", "coordinates": [ 1068495.0, -3937995.0 ] } },
{ "type": "Feature", "properties": { "time": "2023-09-22T03:00:13.861", "spatial_ref": 3577, "class": 600 }, "geometry": { "type": "Point", "coordinates": [ 1149915.0, -3956235.0 ] } },
{ "type": "Feature", "properties": { "time": "2023-09-22T03:00:13.861", "spatial_ref": 3577, "class": 600 }, "geometry": { "type": "Point", "coordinates": [ 1068615.0, -3938145.0 ] } },
{ "type": "Feature", "properties": { "time": "2023-09-22T03:00:13.861", "spatial_ref": 3577, "class": 600 }, "geometry": { "type": "Point", "coordinates": [ 1115295.0, -3948435.0 ] } }
]
}
